f1-Re,f1-Im,f2-Re,f2-Im,f3-Re,f3-Im,f4-Re,f4-Im,f5-Re,f5-Im,f6-Re,f6-Im,f7-Re,f7-Im,f8-Re,f8-Im,f9-Re,f9-Im,f10-Re,f10-Im,f11-Re,f11-Im,f12-Re,f12-Im,f13-Re,f13-Im,f14-Re,f14-Im,f15-Re,f15-Im,f16-Re,f16-Im,f17-Re,f17-Im,f18-Re,f18-Im,f19-Re,f19-Im,f20-Re,f20-Im,f21-Re,f21-Im,f22-Re,f22-Im,f23-Re,f23-Im,f24-Re,f24-Im,f25-Re,f25-Im,f26-Re,f26-Im,f27-Re,f27-Im,f28-Re,f28-Im,SoC,Battery,cycle
0.227844,-0.31399,0.182858,-0.197273,0.16327,-0.160068,0.138709,-0.113159,0.121685,-0.0827244,0.115198,-0.0715657,0.0999994,-0.0448171,0.0939981,-0.0340987,0.08853,-0.0242287,0.0849533,-0.0178982,0.083583,-0.0156187,0.0801824,-0.0106425,0.0785959,-0.00886126,0.076789,-0.00731951,0.0752911,-0.00642048,0.0746111,-0.00617767,0.0743373,-0.00607296,0.0723488,-0.00590226,0.0710223,-0.00599771,0.0683944,-0.00630573,0.0671876,-0.00636756,0.0662643,-0.00642893,0.0658355,-0.00643459,0.0628637,-0.0062876,0.0610755,-0.00598993,0.0587408,-0.00525706,0.056584,-0.00413407,0.0556098,-0.00338927,100,B01,1
0.169218,-0.0801819,0.143119,-0.0584465,0.131987,-0.0475204,0.121527,-0.0365059,0.114204,-0.028928,0.111257,-0.026034,0.103621,-0.0191685,0.0999977,-0.0162572,0.0961117,-0.0134258,0.0930548,-0.0114846,0.0917274,-0.0107493,0.0879758,-0.00902308,0.0859714,-0.00830391,0.0836175,-0.00752091,0.0816441,-0.00697512,0.0807858,-0.00678943,0.0804437,-0.00675621,0.0780033,-0.00659487,0.0764469,-0.00674041,0.0734537,-0.006956,0.0721113,-0.00695855,0.071084,-0.00697592,0.0706244,-0.00694294,0.0675545,-0.00663492,0.0656989,-0.00623636,0.0634103,-0.00552331,0.0613344,-0.00451087,0.0603699,-0.00390961,10,B01,1
0.164845,-0.0682021,0.140015,-0.0519843,0.129367,-0.0429687,0.119331,-0.0334695,0.112315,-0.0267775,0.109496,-0.0241839,0.102197,-0.0179377,0.0987552,-0.0152328,0.095082,-0.0126023,0.0922152,-0.0108046,0.0909675,-0.010115,0.0874486,-0.00853191,0.0855439,-0.00788178,0.0833018,-0.00725002,0.081402,-0.00681466,0.0805406,-0.00669083,0.0802001,-0.0066125,0.0777615,-0.00651926,0.0762367,-0.00667663,0.073227,-0.00692151,0.0718988,-0.00697122,0.0708948,-0.0069565,0.0703985,-0.0069361,0.0672686,-0.00664203,0.0654208,-0.00627013,0.0631184,-0.00553666,0.0610197,-0.00451772,0.0600619,-0.00387495,15,B01,1
0.161374,-0.0676426,0.137027,-0.0511441,0.12665,-0.0420881,0.116921,-0.0325869,0.110179,-0.0259168,0.107488,-0.0233391,0.100562,-0.0171685,0.0973079,-0.0145151,0.0938554,-0.011934,0.0911704,-0.0101736,0.0900263,-0.00952486,0.0867629,-0.00804422,0.0850021,-0.00746341,0.0828829,-0.00691558,0.0810471,-0.00656349,0.0802155,-0.00644414,0.079875,-0.006402,0.0774927,-0.00640412,0.0759784,-0.00652809,0.0729824,-0.00687898,0.0716602,-0.00690584,0.0706581,-0.00693938,0.0701858,-0.00694874,0.0670357,-0.00666141,0.0652013,-0.00627342,0.0628832,-0.00556085,0.0607481,-0.00453341,0.0597838,-0.00389073,20,B01,1
0.158583,-0.0644642,0.134787,-0.049196,0.124662,-0.0405706,0.115207,-0.0314208,0.108684,-0.0249732,0.106088,-0.0224863,0.0994245,-0.016495,0.0963137,-0.0139263,0.0930207,-0.0114196,0.0904759,-0.00971077,0.0893881,-0.0090832,0.0863022,-0.00766476,0.0846411,-0.00715178,0.082604,-0.00666496,0.0808496,-0.00638532,0.0800105,-0.00629028,0.0796836,-0.00628021,0.0773316,-0.00633265,0.0758095,-0.00653537,0.0728376,-0.00685071,0.0715024,-0.00692664,0.0705111,-0.00694589,0.0700504,-0.00689662,0.0669153,-0.00668629,0.065042,-0.00630126,0.0627089,-0.00557988,0.0605626,-0.00454045,0.0596036,-0.00390555,25,B01,1
0.1559,-0.0616311,0.132573,-0.0472765,0.122695,-0.0389725,0.113545,-0.0301677,0.107268,-0.0239588,0.104767,-0.0215624,0.0983595,-0.0157871,0.0953863,-0.0133079,0.0922525,-0.0109007,0.0898286,-0.00925963,0.0887882,-0.0086409,0.085892,-0.00731857,0.0843013,-0.00682924,0.0823711,-0.00642825,0.0806553,-0.00618862,0.0798462,-0.00615063,0.0795416,-0.00616646,0.0772042,-0.0062635,0.0756816,-0.00643047,0.0727054,-0.00679289,0.0714126,-0.00688392,0.0703898,-0.00691745,0.06991,-0.00693015,0.0667441,-0.00667622,0.0648801,-0.0063459,0.062511,-0.00561719,0.060366,-0.00456088,0.0593747,-0.00389774,30,B01,1
0.153339,-0.0593487,0.130562,-0.045757,0.120937,-0.0377648,0.112041,-0.0292005,0.105978,-0.0231641,0.103577,-0.0208348,0.0974228,-0.0152231,0.0945675,-0.0128194,0.0915552,-0.0104693,0.0892395,-0.00887353,0.0882548,-0.00828885,0.0854887,-0.00700897,0.083979,-0.00657432,0.0821223,-0.00618422,0.0804773,-0.00604307,0.0797015,-0.00600283,0.0793719,-0.00602357,0.0770762,-0.00614668,0.0755771,-0.00640941,0.0726507,-0.00677012,0.0713173,-0.00686496,0.0702997,-0.00688617,0.0698422,-0.00690102,0.0667165,-0.00669601,0.064839,-0.00634209,0.0624448,-0.00562054,0.0602704,-0.00460438,0.0592813,-0.00392494,35,B01,1
0.150899,-0.0577067,0.128426,-0.0445388,0.119028,-0.0367078,0.110409,-0.0283004,0.104574,-0.0223796,0.102263,-0.0200982,0.0963929,-0.014628,0.0936653,-0.0122767,0.0908054,-0.0100067,0.0886164,-0.0084658,0.0876877,-0.0078983,0.085071,-0.00667235,0.0836493,-0.00626578,0.081891,-0.00595628,0.0803144,-0.0058477,0.0795784,-0.00585601,0.0792387,-0.00583313,0.0769843,-0.00605575,0.0755064,-0.00628867,0.072598,-0.00670233,0.0712915,-0.00679518,0.0702969,-0.0068337,0.0698074,-0.00686267,0.0666896,-0.00664592,0.0648092,-0.00633908,0.0624389,-0.00564157,0.0602458,-0.00457353,0.0592421,-0.00393888,40,B01,1
0.148953,-0.0561,0.126794,-0.0435197,0.117558,-0.0358772,0.109136,-0.0276101,0.103477,-0.0217707,0.101249,-0.0195429,0.095578,-0.0141666,0.0929584,-0.0118716,0.0902059,-0.00964812,0.0881152,-0.00814969,0.0872193,-0.00759231,0.0847318,-0.00641245,0.083382,-0.00603163,0.0817019,-0.00578116,0.0801684,-0.00566586,0.0794369,-0.00568698,0.0791113,-0.00566389,0.0769193,-0.00595198,0.0754471,-0.00625487,0.0725693,-0.00661952,0.071274,-0.0067354,0.0702733,-0.00679991,0.0698329,-0.00678225,0.0667081,-0.00663592,0.0648244,-0.00629145,0.0624629,-0.00561397,0.0602604,-0.00458108,0.0592664,-0.00393151,45,B01,1
0.14711,-0.0551366,0.125128,-0.0427779,0.116043,-0.0351904,0.107818,-0.0269805,0.102317,-0.0212192,0.100166,-0.0190186,0.094699,-0.013732,0.092174,-0.0114799,0.0895415,-0.00930154,0.0875358,-0.00782959,0.0866888,-0.00728948,0.0843273,-0.00614813,0.0830345,-0.0057679,0.0814514,-0.0055376,0.0799663,-0.005472,0.0792651,-0.00551091,0.0789653,-0.00551826,0.0768096,-0.00582373,0.0753568,-0.00606999,0.0725442,-0.00653981,0.071232,-0.00667208,0.0702323,-0.00671856,0.0697964,-0.00671748,0.0666847,-0.00657547,0.0648597,-0.00627079,0.0624894,-0.00560131,0.0602886,-0.00456808,0.0593004,-0.00394084,50,B01,1
0.144909,-0.0541006,0.123315,-0.0420299,0.114426,-0.0345284,0.106409,-0.0264072,0.101078,-0.0207047,0.0990031,-0.0185334,0.0937225,-0.0133284,0.0912917,-0.0111282,0.0887538,-0.00899279,0.0868209,-0.00753943,0.0860183,-0.00701708,0.083761,-0.00589226,0.0825444,-0.00552907,0.0810371,-0.00532629,0.0796351,-0.00528502,0.0789407,-0.00532179,0.0786491,-0.00534244,0.0765574,-0.00566342,0.0751561,-0.00594021,0.0723731,-0.00643147,0.0711419,-0.00654807,0.0701474,-0.0066186,0.0696864,-0.00663574,0.066656,-0.00649435,0.0648036,-0.00620725,0.0624661,-0.0055549,0.0602891,-0.00453414,0.0593011,-0.00388609,55,B01,1
0.183274,-0.129345,0.154531,-0.0838173,0.142125,-0.0653816,0.130338,-0.0482983,0.122021,-0.0371839,0.118651,-0.0330516,0.109925,-0.0236676,0.105741,-0.0198559,0.101198,-0.0162531,0.097584,-0.013817,0.0960224,-0.0129012,0.0915988,-0.0107493,0.0892387,-0.00982651,0.0864987,-0.00892516,0.0841782,-0.00828979,0.0831515,-0.00808119,0.0827212,-0.00802791,0.0797384,-0.00786691,0.0778449,-0.00781703,0.0742864,-0.00779522,0.0728252,-0.00767186,0.0717248,-0.00754408,0.0712425,-0.00748643,0.0680199,-0.00691467,0.0661587,-0.00644957,0.0638859,-0.00565541,0.0618121,-0.0046108,0.0608534,-0.00399732,5,B01,1
0.143558,-0.0551444,0.121898,-0.0423044,0.113076,-0.0345589,0.105171,-0.0262493,0.099972,-0.020474,0.0979512,-0.0182811,0.0928074,-0.0130721,0.0904566,-0.0108734,0.087995,-0.00873522,0.0861343,-0.00730567,0.0853555,-0.00678034,0.0831988,-0.00566574,0.0820437,-0.00531221,0.0805912,-0.00507412,0.0792745,-0.00510515,0.078606,-0.00511678,0.0783305,-0.00517212,0.0762952,-0.00549085,0.0749169,-0.00575739,0.0722154,-0.00628594,0.0709696,-0.00643158,0.0700174,-0.00649561,0.0696014,-0.0064815,0.0665952,-0.00640558,0.0647538,-0.00611864,0.062434,-0.00549633,0.060272,-0.00450128,0.0592833,-0.00386028,60,B01,1
0.14419,-0.059237,0.121856,-0.0446523,0.112844,-0.0361958,0.104825,-0.027275,0.0995741,-0.0210965,0.0975559,-0.018783,0.0924343,-0.013287,0.0900855,-0.0109939,0.0876508,-0.00878976,0.0858193,-0.00730403,0.08504,-0.00675218,0.0829262,-0.00558432,0.0818075,-0.00523311,0.0803936,-0.00502326,0.0790857,-0.00499861,0.0784558,-0.00505138,0.0781901,-0.00508598,0.0761948,-0.00539551,0.0748386,-0.00571163,0.0721529,-0.00622248,0.0709437,-0.00635768,0.0699984,-0.00642338,0.0695667,-0.0064621,0.066548,-0.00636009,0.0647741,-0.00609673,0.0624385,-0.00546468,0.0602755,-0.00449767,0.0592887,-0.00387717,65,B01,1
0.145761,-0.0644804,0.122458,-0.0472927,0.113163,-0.0379525,0.104946,-0.0283832,0.0995768,-0.0218607,0.0975056,-0.0193958,0.0922825,-0.0136265,0.0899106,-0.0112487,0.0874436,-0.00894156,0.0855973,-0.0074134,0.0848141,-0.00682944,0.0826968,-0.00561218,0.081569,-0.00522812,0.080185,-0.00497898,0.0788971,-0.00494404,0.0782628,-0.00496029,0.0780198,-0.00502897,0.0760403,-0.00535728,0.0747337,-0.00566366,0.0720901,-0.00617845,0.0708536,-0.00631307,0.0699085,-0.00638413,0.0695257,-0.006401,0.0665372,-0.00634375,0.0647241,-0.006072,0.0623935,-0.00547172,0.0602338,-0.00450163,0.0592267,-0.00387754,70,B01,1
0.143787,-0.0598914,0.120991,-0.0446216,0.111953,-0.0359704,0.104003,-0.0269893,0.0988228,-0.02083,0.0968353,-0.0185044,0.0918091,-0.0130483,0.0895084,-0.0107772,0.0871357,-0.00860115,0.0853465,-0.00713835,0.0845971,-0.00659954,0.0825333,-0.0054403,0.081446,-0.00506426,0.0801056,-0.00485792,0.078859,-0.00483817,0.0782252,-0.00488718,0.0779724,-0.00491331,0.0760424,-0.00530557,0.0746966,-0.00562832,0.072085,-0.00615783,0.0708522,-0.00633491,0.0699342,-0.00639883,0.0694872,-0.00640558,0.066519,-0.00638059,0.0647191,-0.00612042,0.0623455,-0.0054977,0.0601725,-0.00451113,0.0591844,-0.00389378,75,B01,1
0.141237,-0.0568097,0.119043,-0.0427128,0.110334,-0.034499,0.102693,-0.0258633,0.0977717,-0.019952,0.0958643,-0.0177255,0.091077,-0.0124902,0.0888959,-0.0103174,0.0866327,-0.00823726,0.0849107,-0.00683885,0.084192,-0.00632329,0.0822315,-0.00522299,0.0811791,-0.00486663,0.079904,-0.00467689,0.0787122,-0.00471521,0.0781264,-0.00476862,0.0778408,-0.00478481,0.0759727,-0.00524079,0.0746577,-0.00557899,0.0720326,-0.00614258,0.0708058,-0.00630697,0.0698648,-0.0063936,0.0694367,-0.00639219,0.0664586,-0.00636329,0.0646094,-0.00612399,0.0622531,-0.00554117,0.0600652,-0.00453362,0.0590451,-0.00390645,80,B01,1
0.139209,-0.0547993,0.117529,-0.0414053,0.109064,-0.0334407,0.101699,-0.0250226,0.0969646,-0.019267,0.0951465,-0.017106,0.0905578,-0.0120286,0.0884742,-0.00992336,0.0862948,-0.00791171,0.0846545,-0.00657002,0.0839674,-0.00607364,0.082077,-0.00502657,0.0810808,-0.00470005,0.0798478,-0.00453719,0.0786893,-0.00459585,0.0781089,-0.00467258,0.0778665,-0.00474879,0.0759806,-0.00521035,0.0747046,-0.00548909,0.0720489,-0.0061463,0.0708578,-0.00632001,0.0699214,-0.0064361,0.0694711,-0.00644824,0.0664615,-0.00641448,0.0645953,-0.00619979,0.062215,-0.00556939,0.0600027,-0.00458926,0.0589909,-0.00395691,85,B01,1
0.136437,-0.0531026,0.115255,-0.0400344,0.107057,-0.0322314,0.100008,-0.0240243,0.095497,-0.0184074,0.0937702,-0.0163173,0.0894553,-0.0114121,0.0874935,-0.00939453,0.0854535,-0.00748017,0.0839097,-0.00620561,0.0832573,-0.00572839,0.0814797,-0.00471931,0.0805509,-0.00444031,0.0793839,-0.00430351,0.0783104,-0.00437281,0.0777583,-0.00449387,0.0775295,-0.00453683,0.0757288,-0.005029,0.0744258,-0.0054342,0.0718853,-0.00605584,0.0706463,-0.00621726,0.0697405,-0.00634602,0.0693151,-0.00637786,0.0662749,-0.0063894,0.0644489,-0.00617751,0.0620816,-0.00557945,0.0598363,-0.00458671,0.0588205,-0.00393825,90,B01,1
0.133649,-0.0522484,0.113192,-0.0390536,0.105387,-0.0313037,0.098718,-0.0231937,0.0944734,-0.0176843,0.0928405,-0.0156409,0.0887981,-0.0108669,0.0869731,-0.00893256,0.0850501,-0.00709081,0.0836058,-0.00588375,0.0830025,-0.00543851,0.0813358,-0.00451868,0.0804384,-0.00424975,0.079342,-0.00412833,0.0783121,-0.00423199,0.0777661,-0.00436334,0.0775436,-0.00436672,0.0757958,-0.00495029,0.0745446,-0.00534815,0.0719444,-0.00603707,0.0707422,-0.00624645,0.069779,-0.0063497,0.0693443,-0.00641387,0.0663744,-0.00644545,0.0644784,-0.00623753,0.0620688,-0.00562596,0.0598107,-0.00463051,0.0587808,-0.00398499,95,B01,1
0.169587,-0.184505,0.146944,-0.118566,0.134193,-0.0905027,0.120754,-0.0652514,0.110708,-0.0489796,0.106683,-0.0430016,0.0964345,-0.0284738,0.0920315,-0.0224192,0.0877904,-0.0166311,0.0848705,-0.0127695,0.0837419,-0.0113576,0.0808748,-0.00819949,0.0795091,-0.00707141,0.0779405,-0.00615989,0.0765875,-0.00575269,0.0759331,-0.00565359,0.075657,-0.00563033,0.0736668,-0.00578326,0.0722848,-0.00600812,0.0695107,-0.00651869,0.0682232,-0.00665462,0.0672781,-0.00673065,0.0668204,-0.00673918,0.0637239,-0.00669472,0.0617809,-0.00643225,0.059371,-0.00580427,0.05711,-0.00478235,0.056097,-0.0041195,100,B01,2
0.172348,-0.0749181,0.145875,-0.056361,0.134555,-0.0465003,0.123771,-0.0363181,0.116127,-0.029185,0.113015,-0.0264115,0.104961,-0.0197186,0.101132,-0.0168094,0.097034,-0.0139561,0.093799,-0.0119895,0.0924026,-0.0112433,0.0884305,-0.00945295,0.0863233,-0.00866912,0.083871,-0.00785899,0.0818628,-0.00731826,0.0809653,-0.00714487,0.0805985,-0.00709515,0.0780421,-0.00703961,0.0763616,-0.0072371,0.0731084,-0.00748819,0.0716851,-0.00751389,0.0705666,-0.0075263,0.0700407,-0.00751228,0.0667171,-0.00711124,0.0647764,-0.0067091,0.0623932,-0.00595248,0.0602398,-0.00495944,0.0592729,-0.0043735,10,B01,2
0.168425,-0.0708267,0.142909,-0.0538833,0.131938,-0.0445854,0.121529,-0.0348292,0.114185,-0.0279624,0.11121,-0.0252818,0.103516,-0.0188157,0.0998812,-0.0160064,0.0960113,-0.0132601,0.0929655,-0.0113757,0.091654,-0.0106573,0.0879156,-0.0089774,0.0859365,-0.00828442,0.0835839,-0.00758974,0.0816183,-0.00714153,0.0807529,-0.00701328,0.0803701,-0.00695019,0.0778242,-0.00696733,0.0761489,-0.00716055,0.0729193,-0.00743744,0.0714639,-0.00749248,0.070364,-0.0075083,0.0698983,-0.00747346,0.0665007,-0.00713974,0.0645711,-0.00674582,0.0621753,-0.00598415,0.0600153,-0.00497136,0.0590205,-0.00439523,15,B01,2
0.165176,-0.0699312,0.139882,-0.0526302,0.129175,-0.0433195,0.119093,-0.0336651,0.112042,-0.0269146,0.109194,-0.0243035,0.10186,-0.0179715,0.0984181,-0.0152374,0.0947612,-0.0125498,0.0919251,-0.010733,0.0907019,-0.0100384,0.0872366,-0.00848374,0.085363,-0.00786602,0.0831434,-0.00727319,0.08124,-0.00688758,0.0803885,-0.00680234,0.0800118,-0.00673342,0.0775125,-0.0068361,0.0758985,-0.00701315,0.0726714,-0.00737691,0.0712262,-0.00744926,0.0701458,-0.00746464,0.0696553,-0.00743429,0.0662989,-0.00711999,0.0643421,-0.00672221,0.0619243,-0.00599833,0.0597278,-0.00496993,0.0587576,-0.00438073,20,B01,2
0.162034,-0.0653094,0.137645,-0.0500793,0.127258,-0.0414633,0.117481,-0.0323409,0.110654,-0.0258925,0.107909,-0.0233933,0.100821,-0.0173028,0.0975069,-0.0146529,0.0939987,-0.0120694,0.0912677,-0.0102966,0.090109,-0.00964251,0.0867938,-0.0081647,0.0850006,-0.00757242,0.082872,-0.00705861,0.0810163,-0.00675425,0.0801634,-0.00663741,0.0798271,-0.00662473,0.077346,-0.00676207,0.0756878,-0.00698691,0.0725224,-0.00734848,0.0710744,-0.00739862,0.0700082,-0.00740893,0.0694856,-0.00740008,0.06619,-0.00712229,0.0641992,-0.0067565,0.0617761,-0.00600519,0.0595904,-0.00499368,0.0585909,-0.00439407,25,B01,2
0.158852,-0.0624632,0.13505,-0.0480616,0.124965,-0.0397618,0.115542,-0.0309746,0.108988,-0.0247703,0.106371,-0.022364,0.0996058,-0.0165253,0.096442,-0.0139805,0.0931035,-0.0114967,0.0905217,-0.00979977,0.0894215,-0.00916969,0.0862948,-0.00776078,0.0846024,-0.00723382,0.0825691,-0.00681179,0.0807737,-0.00656645,0.0799545,-0.00649778,0.0795836,-0.00648839,0.0771286,-0.00659103,0.0755307,-0.00688973,0.0723507,-0.00726135,0.0709479,-0.00736362,0.0698533,-0.00737019,0.0693826,-0.0073712,0.066051,-0.00711203,0.0640512,-0.00673162,0.0616004,-0.00602373,0.0594023,-0.00501157,0.0584047,-0.00440473,30,B01,2
0.156108,-0.060129,0.132811,-0.0465543,0.122973,-0.0385468,0.113845,-0.0299889,0.107522,-0.0239238,0.105001,-0.0215898,0.0985147,-0.0159011,0.0954865,-0.0134309,0.0922998,-0.0110148,0.0898453,-0.00938213,0.0887881,-0.00876367,0.0858278,-0.00743962,0.084226,-0.00694526,0.082259,-0.00653706,0.0805434,-0.00636964,0.0797205,-0.00632149,0.0793954,-0.00631368,0.0769757,-0.00654389,0.0753994,-0.006796,0.0722399,-0.00719643,0.0708497,-0.00729854,0.0697773,-0.00733674,0.0692797,-0.00732769,0.0659543,-0.00708929,0.0639859,-0.00672703,0.0615401,-0.00602811,0.0593098,-0.00501639,0.0583075,-0.00439855,35,B01,2
0.1534,-0.0587515,0.130437,-0.0454616,0.120858,-0.0375557,0.112011,-0.0290755,0.105967,-0.0231191,0.103552,-0.0208162,0.0973741,-0.0152539,0.094499,-0.0128481,0.0914684,-0.0105077,0.0891533,-0.00892875,0.0881477,-0.00833351,0.0853752,-0.00707144,0.0838463,-0.0066363,0.0819867,-0.00627464,0.0803266,-0.00615663,0.0795358,-0.00612559,0.0792134,-0.00614799,0.0768364,-0.006393,0.0752664,-0.00665211,0.0721825,-0.00712102,0.0707799,-0.00721642,0.0697295,-0.0072425,0.0692412,-0.00726651,0.0659409,-0.00705451,0.0639779,-0.00670205,0.0615259,-0.00601297,0.0592919,-0.00501748,0.0582888,-0.00439961,40,B01,2
0.151429,-0.0574943,0.128688,-0.0446111,0.119261,-0.0368132,0.110626,-0.0284246,0.10477,-0.0225324,0.102438,-0.020254,0.0964814,-0.0147681,0.0937232,-0.0124157,0.0908258,-0.0101206,0.0886019,-0.00857144,0.0876636,-0.0080021,0.0850203,-0.00678681,0.0835756,-0.00638807,0.0817881,-0.00609132,0.0801776,-0.00595541,0.0794159,-0.00595934,0.0790802,-0.00601129,0.076762,-0.00628048,0.0751916,-0.00657289,0.0721477,-0.0070383,0.0707902,-0.00714437,0.0697266,-0.00719919,0.0692215,-0.00721422,0.0659407,-0.00700587,0.0639842,-0.00666361,0.0615183,-0.00599733,0.0593087,-0.0050066,0.0583273,-0.00439063,45,B01,2
0.14957,-0.0570455,0.126959,-0.0441172,0.11767,-0.0362958,0.109237,-0.0278937,0.103547,-0.0220189,0.101307,-0.0197716,0.0955546,-0.0143406,0.0929014,-0.0120166,0.0901243,-0.00976156,0.088,-0.00823399,0.0871061,-0.00768144,0.0845879,-0.00648967,0.0832383,-0.00611506,0.0815314,-0.00583893,0.07999,-0.00580461,0.0792451,-0.00579817,0.0789145,-0.00579659,0.0766501,-0.0061665,0.0751332,-0.0064588,0.0721253,-0.00696942,0.0707173,-0.00709463,0.0696799,-0.00713413,0.0692159,-0.00714419,0.0659653,-0.00696231,0.0640192,-0.00665105,0.0615678,-0.00599828,0.0593346,-0.00500533,0.0583411,-0.00439642,50,B01,2
0.147734,-0.0562511,0.125427,-0.0434734,0.116331,-0.0357072,0.108088,-0.0273668,0.102542,-0.0215353,0.100363,-0.0193188,0.0947905,-0.0139597,0.0922195,-0.0116748,0.0895376,-0.00945428,0.0874983,-0.00796438,0.08663,-0.00741128,0.0842373,-0.00625068,0.0829292,-0.00588701,0.0813072,-0.0056387,0.0798272,-0.00562738,0.0790919,-0.00566571,0.0787835,-0.00568004,0.0765788,-0.00600481,0.0750569,-0.00634668,0.0720731,-0.00687726,0.0707159,-0.00699024,0.0696814,-0.00707162,0.0692098,-0.00706434,0.0659672,-0.0069174,0.0640255,-0.00663115,0.061612,-0.00596578,0.0593796,-0.00499705,0.0583687,-0.00439903,55,B01,2
0.182033,-0.104468,0.153463,-0.0725553,0.141077,-0.0580323,0.129268,-0.0440035,0.120899,-0.034597,0.117482,-0.0310246,0.10866,-0.0227278,0.104423,-0.0192205,0.0998718,-0.0158541,0.096254,-0.0135481,0.0946878,-0.0126702,0.090251,-0.0105448,0.0879315,-0.00960252,0.0852554,-0.00861751,0.0830675,-0.0079493,0.0821132,-0.00774032,0.0817092,-0.0076865,0.0789323,-0.00759024,0.0770899,-0.0077264,0.0736104,-0.00784579,0.0721087,-0.0078266,0.0709883,-0.00776181,0.0704677,-0.00770515,0.0671034,-0.00725451,0.0651349,-0.00678676,0.0627682,-0.00598078,0.0606551,-0.00499937,0.0596847,-0.00444081,5,B01,2
0.145974,-0.0577393,0.123687,-0.0440051,0.114691,-0.0358811,0.1066,-0.0272937,0.101211,-0.0213487,0.0991015,-0.0190914,0.0937122,-0.0136923,0.0912334,-0.0114082,0.0886435,-0.00918462,0.0866922,-0.00770437,0.0858688,-0.00714836,0.0835783,-0.00598809,0.0823456,-0.00563114,0.0807971,-0.00540015,0.0793834,-0.00537979,0.0787043,-0.00543462,0.0784041,-0.0054831,0.0762683,-0.00585247,0.0747936,-0.00619558,0.0718976,-0.00671449,0.0705555,-0.00685672,0.0695623,-0.00690422,0.0690895,-0.00691629,0.0658973,-0.00683245,0.064008,-0.00653912,0.061573,-0.00590977,0.0593761,-0.00494915,0.0583856,-0.00437087,60,B01,2
0.147011,-0.0627646,0.123873,-0.0469706,0.114589,-0.0380069,0.106267,-0.0286373,0.100765,-0.0221942,0.0986308,-0.0197739,0.0931934,-0.014007,0.0907159,-0.0115867,0.0881498,-0.00927012,0.0862091,-0.00771265,0.0853913,-0.00713536,0.0831572,-0.00593142,0.0819447,-0.00552924,0.080468,-0.00531154,0.0790977,-0.00529065,0.078419,-0.005348,0.0781423,-0.00535497,0.0760578,-0.00572729,0.0746042,-0.0060442,0.0717536,-0.0065953,0.070449,-0.00675112,0.0694471,-0.00681085,0.0690142,-0.00684294,0.0658578,-0.00669531,0.0639581,-0.0064432,0.0615822,-0.00585561,0.059356,-0.00492307,0.0583685,-0.00432604,65,B01,2
0.147232,-0.0650583,0.123506,-0.0477166,0.114082,-0.0383236,0.105728,-0.0287497,0.100234,-0.0222373,0.0980889,-0.019771,0.0926918,-0.0139793,0.0902244,-0.0115509,0.0876675,-0.00922635,0.0857369,-0.00765996,0.0849347,-0.00708553,0.0827191,-0.00585814,0.0815203,-0.00543473,0.0800804,-0.00519539,0.0787135,-0.00514178,0.0780991,-0.00521913,0.0778022,-0.00524159,0.0757477,-0.00559789,0.0743646,-0.00595719,0.0715964,-0.00646644,0.0702948,-0.00662029,0.0693298,-0.00671868,0.0688707,-0.00671872,0.0658101,-0.00662862,0.0639029,-0.00641137,0.0615034,-0.00582669,0.0593283,-0.00488933,0.0583218,-0.00431577,70,B01,2
0.144205,-0.0602943,0.121234,-0.044973,0.112185,-0.0363077,0.104177,-0.0273189,0.0989292,-0.0211479,0.096896,-0.0188264,0.0917382,-0.013334,0.0893856,-0.011031,0.0869354,-0.00881633,0.0850925,-0.00732714,0.0843142,-0.00678107,0.0821974,-0.00560441,0.0810816,-0.00523972,0.0796879,-0.00499591,0.0783869,-0.00496588,0.0777635,-0.00503838,0.0774984,-0.00506498,0.0755205,-0.00551754,0.074147,-0.00578946,0.0714203,-0.00636147,0.0701637,-0.00653761,0.0692129,-0.00660941,0.0687566,-0.00661736,0.0656812,-0.0066047,0.0638103,-0.00637333,0.0614367,-0.00579886,0.0592392,-0.0048729,0.0582324,-0.00428884,75,B01,2
0.14167,-0.057118,0.119128,-0.0428969,0.110295,-0.0346418,0.102561,-0.0260356,0.0975436,-0.0201309,0.0955944,-0.0179169,0.0906992,-0.0126745,0.0884525,-0.0104756,0.08613,-0.00838266,0.0843651,-0.00695179,0.0836381,-0.00643257,0.0816323,-0.00532013,0.0805666,-0.00494559,0.0792585,-0.00476018,0.0780573,-0.00481442,0.0774454,-0.00486601,0.077179,-0.00486197,0.0752445,-0.00532497,0.0739336,-0.00570065,0.0712638,-0.00624446,0.0700117,-0.00645293,0.069096,-0.00652132,0.0686345,-0.00655007,0.0655783,-0.00655367,0.0637243,-0.00634293,0.0613529,-0.00577632,0.059142,-0.00486091,0.058148,-0.00426899,80,B01,2
0.140031,-0.0550089,0.118003,-0.0415231,0.109409,-0.0335415,0.101924,-0.0251766,0.0970828,-0.0194488,0.0952046,-0.0172825,0.0905024,-0.012215,0.0883535,-0.0101043,0.0861142,-0.00806702,0.0844259,-0.00671437,0.08371,-0.00620381,0.081768,-0.00514158,0.0807651,-0.00482593,0.0794856,-0.00466482,0.0783076,-0.00469227,0.0777166,-0.00478762,0.0774634,-0.0048396,0.0755468,-0.00530775,0.0742032,-0.00570999,0.0715096,-0.00632233,0.0702361,-0.00650965,0.0692952,-0.00660859,0.0688392,-0.00663887,0.0657472,-0.00664385,0.063868,-0.00644259,0.0614373,-0.00588108,0.059191,-0.00495149,0.0581822,-0.00435091,85,B01,2
0.137189,-0.0525907,0.115965,-0.0397989,0.107735,-0.0321039,0.100626,-0.0240256,0.0960513,-0.0184975,0.0942949,-0.0164208,0.0898848,-0.011559,0.0878716,-0.00954399,0.0857849,-0.00762615,0.0841853,-0.00634477,0.083526,-0.00588222,0.0816929,-0.00489069,0.0807159,-0.00458235,0.0795185,-0.00444802,0.0783733,-0.00453989,0.0778066,-0.00463643,0.0775948,-0.00472331,0.0757071,-0.00526348,0.0743881,-0.00562684,0.0716515,-0.00633033,0.0704024,-0.00655198,0.0694173,-0.00664995,0.0689427,-0.00668649,0.0658483,-0.00668518,0.0639434,-0.00650194,0.0614701,-0.00595033,0.059222,-0.00501097,0.0581997,-0.0044246,90,B01,2
0.134159,-0.0515485,0.113753,-0.0387526,0.105948,-0.0311463,0.0992472,-0.0231523,0.0949677,-0.0177288,0.0933318,-0.0156978,0.0892294,-0.0109642,0.0873591,-0.00902096,0.0854179,-0.00719439,0.0839409,-0.00599335,0.0833244,-0.00554938,0.0816092,-0.00462983,0.0807038,-0.0043939,0.0795635,-0.00430153,0.0784575,-0.00438104,0.0779126,-0.00452703,0.0776625,-0.00460862,0.0758379,-0.00522536,0.0745033,-0.00564491,0.0717701,-0.00635155,0.0704996,-0.00656529,0.0695459,-0.00668044,0.0690883,-0.00672873,0.0659093,-0.0067522,0.0639931,-0.00656836,0.0615187,-0.00602655,0.0592094,-0.00508478,0.0582087,-0.00451103,95,B01,2
0.337798,-0.928503,0.213548,-0.551044,0.170108,-0.404736,0.134711,-0.266856,0.114304,-0.185412,0.10713,-0.154259,0.0910896,-0.0866875,0.084589,-0.0629647,0.0781788,-0.0428167,0.0734807,-0.0305891,0.0715655,-0.0262347,0.0667691,-0.0164595,0.0647342,-0.0126453,0.06283,-0.0092715,0.0615678,-0.00737756,0.061018,-0.006802,0.0607654,-0.0065702,0.0590869,-0.00603078,0.057787,-0.00602702,0.055229,-0.00608555,0.0540668,-0.0060835,0.0531942,-0.00605264,0.0527865,-0.00604692,0.0498952,-0.00564053,0.0481765,-0.00507042,0.0459776,-0.00387667,0.0440912,-0.00207747,0.0432679,-0.000983595,100,B02,1
0.15894,-0.0738783,0.132104,-0.0561477,0.120469,-0.0465975,0.109333,-0.0366692,0.101384,-0.0296412,0.0981308,-0.0268642,0.0897617,-0.0200951,0.0858062,-0.0171119,0.0815979,-0.0141418,0.0782979,-0.0120417,0.0768844,-0.0112203,0.0729508,-0.009193,0.0709092,-0.00823958,0.0686477,-0.0072063,0.0668545,-0.00646569,0.0661051,-0.00621728,0.0657759,-0.00614381,0.0637042,-0.00582234,0.062324,-0.00585365,0.0597402,-0.00598681,0.0585376,-0.00596168,0.0576702,-0.00592317,0.0572562,-0.00591385,0.0544572,-0.00542468,0.0528127,-0.00481776,0.050807,-0.0036505,0.0490505,-0.00199943,0.0482898,-0.000989771,10,B02,1
0.15508,-0.072117,0.129356,-0.054675,0.118209,-0.0453262,0.107536,-0.0355625,0.0999302,-0.0286659,0.0968246,-0.0259652,0.0888117,-0.0193591,0.0850401,-0.0164506,0.0810214,-0.0135673,0.0778941,-0.0115516,0.0765372,-0.0107637,0.0727823,-0.00883193,0.0708312,-0.00796004,0.0686352,-0.00703288,0.0668928,-0.00639087,0.0661307,-0.00616526,0.0657981,-0.00606711,0.0636916,-0.00585053,0.0623571,-0.00584919,0.0597239,-0.006009,0.0585483,-0.00601328,0.0576528,-0.00598592,0.0572385,-0.00595206,0.0544329,-0.00541773,0.052766,-0.00488682,0.0507189,-0.00370612,0.0489373,-0.00205715,0.0481728,-0.00103976,15,B02,1
0.150792,-0.0676916,0.126051,-0.0517201,0.115374,-0.0429344,0.105195,-0.0336952,0.097967,-0.0271572,0.0950313,-0.0245961,0.0874313,-0.018303,0.0838691,-0.0155277,0.0800991,-0.0127893,0.0771642,-0.0108811,0.075911,-0.0101434,0.0723905,-0.00837041,0.0705412,-0.00756485,0.0684478,-0.00676575,0.0667347,-0.00621148,0.0659659,-0.00595083,0.0656765,-0.00592753,0.0635796,-0.00575636,0.0622579,-0.00579563,0.0596379,-0.00600125,0.0584546,-0.0060007,0.0575466,-0.00595801,0.0571679,-0.00595744,0.0543172,-0.005489,0.0526369,-0.0049202,0.0505868,-0.00376609,0.0487957,-0.00209328,0.0480043,-0.00108078,20,B02,1
0.147603,-0.0639919,0.12363,-0.0493374,0.11333,-0.0410431,0.103535,-0.0322364,0.0966,-0.0259827,0.093791,-0.0235327,0.0865179,-0.0175107,0.0831093,-0.0148471,0.0795142,-0.0122149,0.076714,-0.0103687,0.0755294,-0.00969003,0.0721943,-0.00802739,0.0704261,-0.00728725,0.0683941,-0.00659035,0.0667076,-0.00605912,0.0659934,-0.00591697,0.0656733,-0.00582634,0.0635656,-0.00570575,0.0622297,-0.00581827,0.0596195,-0.00599681,0.0584531,-0.00602677,0.0575279,-0.00598774,0.0571483,-0.00598972,0.0542864,-0.00554313,0.0526025,-0.00497746,0.0504964,-0.00382189,0.0486605,-0.00213658,0.0478933,-0.0011145,25,B02,1
0.144254,-0.0614852,0.12095,-0.04739,0.111024,-0.0393643,0.101629,-0.0308398,0.0950244,-0.0248207,0.0923522,-0.0224678,0.0854323,-0.0166755,0.0821927,-0.0141194,0.0787804,-0.0115994,0.0761559,-0.00985745,0.075024,-0.00918498,0.0718639,-0.00761368,0.0702169,-0.00697985,0.0682596,-0.00631856,0.0666437,-0.00588958,0.0659297,-0.00574973,0.0656049,-0.0057079,0.0635548,-0.00565369,0.0622037,-0.00575822,0.0595897,-0.00596807,0.0584127,-0.00600172,0.057515,-0.00598835,0.0571131,-0.0059781,0.0542575,-0.00555067,0.0525641,-0.00499517,0.050456,-0.00384645,0.0485823,-0.00217156,0.0478089,-0.0011606,30,B02,1
0.141851,-0.0594351,0.118963,-0.0459762,0.109281,-0.0381718,0.100185,-0.0298654,0.0938036,-0.0239814,0.0912336,-0.0216947,0.0845886,-0.0160608,0.081486,-0.0135837,0.0782189,-0.0111285,0.0757056,-0.00944072,0.0746387,-0.00880652,0.0716348,-0.00733308,0.0700453,-0.00673585,0.0681665,-0.00614208,0.0665665,-0.00573418,0.0658778,-0.0056323,0.0655728,-0.00559881,0.0635213,-0.00559383,0.0621943,-0.00571724,0.0596077,-0.0059461,0.0584467,-0.0059783,0.057563,-0.00596433,0.0571369,-0.00596124,0.0542954,-0.00555892,0.0525666,-0.00501321,0.0504628,-0.003875,0.0485962,-0.00222083,0.0477926,-0.00119436,35,B02,1
0.139381,-0.0578147,0.116888,-0.0447131,0.107449,-0.0370591,0.0986547,-0.0289079,0.0925234,-0.0231539,0.0900521,-0.0209249,0.0836875,-0.0154423,0.0807126,-0.0130364,0.0776009,-0.0106628,0.0752072,-0.0090313,0.0741943,-0.00842229,0.0713459,-0.00702171,0.0698171,-0.00643702,0.0680265,-0.00591088,0.0664972,-0.0056176,0.0657853,-0.00548264,0.06551,-0.00544739,0.0635144,-0.00550086,0.0621726,-0.00564667,0.0595989,-0.00590434,0.0584262,-0.00595182,0.0575498,-0.00593196,0.0571331,-0.0059103,0.0543121,-0.00553392,0.0525933,-0.00500407,0.0504994,-0.00385982,0.0486339,-0.00221391,0.0478332,-0.00119402,40,B02,1
0.137505,-0.0562572,0.115322,-0.0436707,0.106082,-0.0361809,0.0975088,-0.0281642,0.0915699,-0.0225281,0.0891824,-0.020338,0.0830266,-0.0149798,0.0801627,-0.0126285,0.0771689,-0.0103187,0.0748535,-0.00871635,0.0738794,-0.00811124,0.0711575,-0.00677497,0.0697046,-0.00625131,0.0679676,-0.00576264,0.0664668,-0.00547196,0.0657867,-0.0053694,0.0654812,-0.00538702,0.0634951,-0.00541354,0.0621892,-0.00557311,0.0596157,-0.00585185,0.0584661,-0.00590067,0.0575751,-0.00590524,0.0571732,-0.00587896,0.054368,-0.00552461,0.0526108,-0.00499241,0.0505339,-0.00388742,0.0486599,-0.00222306,0.0478626,-0.00120601,45,B02,1
0.135513,-0.0552582,0.113672,-0.042838,0.10463,-0.0353927,0.0963006,-0.0274761,0.0905551,-0.0219103,0.0882512,-0.0197586,0.0823114,-0.0144988,0.0795576,-0.0122043,0.076684,-0.00995432,0.074479,-0.00840292,0.0735373,-0.0078187,0.0709285,-0.00652007,0.0695425,-0.00603975,0.0678519,-0.00557022,0.066425,-0.00536054,0.0657505,-0.00525722,0.0654616,-0.00528538,0.0634833,-0.00532128,0.062194,-0.00551141,0.0596505,-0.0058082,0.0584975,-0.00585528,0.0575756,-0.00588652,0.0572062,-0.00589052,0.0543714,-0.00550154,0.0526591,-0.00498528,0.0505479,-0.00388736,0.0486992,-0.00223655,0.0479029,-0.00120922,50,B02,1
0.13388,-0.0549162,0.112342,-0.0424551,0.103478,-0.0350018,0.0953433,-0.0270526,0.0897572,-0.021505,0.0875206,-0.0193702,0.0817624,-0.0141593,0.0790947,-0.0118961,0.0763045,-0.00966943,0.0741809,-0.00816058,0.0732728,-0.00757554,0.0707495,-0.00630619,0.0694038,-0.00583594,0.0677797,-0.00542906,0.0663867,-0.00525146,0.0657098,-0.00517095,0.0654252,-0.00518772,0.0634818,-0.00531984,0.0621998,-0.00544977,0.0596776,-0.00580363,0.0585277,-0.00585815,0.0576369,-0.0058703,0.0572339,-0.00586245,0.0544361,-0.00548052,0.0527197,-0.00498852,0.0505903,-0.00387901,0.04875,-0.00222292,0.0479293,-0.00122031,55,B02,1
0.167385,-0.0968739,0.138436,-0.0692158,0.125741,-0.0560713,0.113583,-0.0431121,0.1049,-0.0342259,0.101351,-0.0307787,0.0922796,-0.0226192,0.0879799,-0.0191027,0.0834057,-0.0156776,0.0798126,-0.0132921,0.0782594,-0.0123448,0.0739555,-0.00997231,0.0717814,-0.00886004,0.0693861,-0.00765943,0.0675507,-0.00684192,0.0667634,-0.00654244,0.0664307,-0.00645462,0.0642404,-0.0061289,0.0627969,-0.00615601,0.0601295,-0.00618095,0.0589295,-0.00614924,0.0580091,-0.00606959,0.05759,-0.00602061,0.0547732,-0.00548211,0.053115,-0.0048679,0.051125,-0.00366644,0.0493757,-0.00200934,0.0486069,-0.00101044,5,B02,1
0.13294,-0.0575567,0.111245,-0.0436649,0.10245,-0.0356888,0.0944246,-0.0273173,0.088959,-0.021547,0.0867822,-0.019346,0.0811759,-0.0140098,0.0785785,-0.0117068,0.0758833,-0.00947414,0.0738282,-0.00795711,0.0729546,-0.00737866,0.0705424,-0.00614727,0.0692464,-0.00568904,0.0676721,-0.00530405,0.0662912,-0.00512715,0.0656518,-0.00506701,0.065369,-0.00506931,0.063462,-0.00525393,0.0621914,-0.00541782,0.0596686,-0.00573955,0.0585153,-0.00580439,0.0576224,-0.00580561,0.0572323,-0.00580095,0.054438,-0.00549223,0.0527441,-0.00497677,0.0505998,-0.00388631,0.0487472,-0.00225246,0.0479458,-0.00123613,60,B02,1
0.133933,-0.0636931,0.111466,-0.0471484,0.102452,-0.038143,0.0942452,-0.0288609,0.0886853,-0.0225268,0.0864918,-0.0201256,0.080857,-0.0143868,0.0782723,-0.0119391,0.0755885,-0.00959087,0.0735543,-0.00800694,0.0726873,-0.00740834,0.0702915,-0.00610942,0.0690277,-0.00565198,0.0674888,-0.00524716,0.0661242,-0.00506632,0.0654921,-0.00503668,0.065226,-0.00503293,0.0633236,-0.00519241,0.0620267,-0.0053902,0.0595745,-0.00569118,0.0584406,-0.00577105,0.0575762,-0.00577829,0.0571609,-0.00576153,0.0543472,-0.00544486,0.0526835,-0.00493956,0.0505695,-0.00386912,0.0486985,-0.00223242,0.0478835,-0.00121793,65,B02,1
0.132784,-0.0619603,0.110199,-0.0456136,0.101264,-0.0368222,0.0932384,-0.027859,0.0878232,-0.0217462,0.0856872,-0.0194316,0.0802139,-0.0139071,0.0776952,-0.0115592,0.0750898,-0.00929378,0.0731032,-0.00775572,0.072278,-0.00719833,0.0699414,-0.0059253,0.0687219,-0.00548694,0.0672289,-0.00513405,0.065887,-0.00493641,0.0652533,-0.00491744,0.0649992,-0.00491207,0.0631597,-0.00511866,0.0619036,-0.00531159,0.0594367,-0.00562815,0.0583267,-0.0057079,0.0574605,-0.00575298,0.0570584,-0.00574197,0.0542973,-0.0054195,0.0526113,-0.00493884,0.0504917,-0.00387537,0.0486144,-0.00223865,0.0478043,-0.00122537,70,B02,1
0.130484,-0.0585127,0.108446,-0.0435938,0.0997954,-0.0352824,0.0920514,-0.0267098,0.0868573,-0.0208602,0.0848047,-0.0186423,0.0795671,-0.0133534,0.0771567,-0.011097,0.0746477,-0.00892246,0.0727445,-0.00746582,0.0719354,-0.00690743,0.069717,-0.0057069,0.0685287,-0.00529581,0.0670857,-0.00493989,0.0657955,-0.00483037,0.0651904,-0.00482341,0.0649286,-0.0048151,0.0631006,-0.0049837,0.0618217,-0.00524564,0.0594326,-0.00558983,0.0583165,-0.00568844,0.0574376,-0.00569089,0.0570265,-0.00570835,0.054281,-0.00544957,0.0525695,-0.00494332,0.050441,-0.00388143,0.0485667,-0.00228505,0.0477437,-0.00124962,75,B02,1
0.128123,-0.0560735,0.106624,-0.0419219,0.0982307,-0.0339055,0.0907971,-0.0256098,0.085842,-0.0199619,0.0838851,-0.0178315,0.0788943,-0.0127465,0.0766029,-0.0105964,0.0742149,-0.00851869,0.0724057,-0.00713002,0.0716337,-0.00660319,0.0695218,-0.00549324,0.0683873,-0.00509672,0.0669981,-0.00479298,0.0657441,-0.00469815,0.065161,-0.00469021,0.0648989,-0.00473111,0.0630891,-0.00494769,0.0618847,-0.00520083,0.0594502,-0.00558821,0.0583155,-0.0056961,0.0574389,-0.00572492,0.0570518,-0.00572241,0.0542775,-0.00546662,0.0525633,-0.005002,0.0504038,-0.00393305,0.0485038,-0.00229865,0.0476633,-0.00127911,80,B02,1
0.126364,-0.055095,0.105242,-0.0409072,0.0970804,-0.0329616,0.0898921,-0.0247971,0.0851411,-0.0192789,0.0832653,-0.0171996,0.078497,-0.0122605,0.0762982,-0.01018,0.0740134,-0.00818331,0.0722767,-0.00685344,0.0715494,-0.00635493,0.0695067,-0.00529726,0.0684162,-0.00493591,0.0670695,-0.00468032,0.0658637,-0.00461637,0.0652859,-0.00464087,0.0650177,-0.00467033,0.0632334,-0.00494628,0.0619938,-0.00522892,0.0595476,-0.00562317,0.0584106,-0.00573717,0.0575402,-0.0057672,0.0571369,-0.00578562,0.0543068,-0.00552865,0.0525858,-0.00506867,0.05041,-0.00399684,0.0484865,-0.00235788,0.0476538,-0.00134617,85,B02,1
0.123938,-0.0518781,0.103773,-0.0390111,0.0959777,-0.0315231,0.0891154,-0.0237135,0.0845965,-0.0184116,0.0828256,-0.0164168,0.0783119,-0.0116883,0.0762406,-0.00971332,0.074072,-0.00782537,0.0724112,-0.00655362,0.0717156,-0.00609837,0.0697447,-0.00510026,0.0687002,-0.00478504,0.0674087,-0.00459439,0.066196,-0.00455488,0.0656323,-0.00466172,0.0653678,-0.00461373,0.0635735,-0.00501001,0.0623199,-0.00530008,0.0598159,-0.00573465,0.0586235,-0.00587288,0.0577688,-0.0059069,0.0573402,-0.00591699,0.0544344,-0.00564212,0.0526693,-0.00519322,0.0504445,-0.00411245,0.0484873,-0.00247475,0.047635,-0.00144353,90,B02,1
0.120772,-0.0515647,0.101246,-0.0382527,0.0938113,-0.0307042,0.0873369,-0.0229022,0.0831151,-0.01763,0.0814724,-0.0156677,0.0772999,-0.011046,0.0753812,-0.00913335,0.0733893,-0.00733316,0.0718598,-0.00614711,0.0711943,-0.00570668,0.0693818,-0.00480396,0.0684001,-0.00451887,0.0671807,-0.0043776,0.0660403,-0.00442782,0.0654889,-0.00448726,0.0652457,-0.0045385,0.0634839,-0.00488372,0.0622195,-0.00522937,0.059734,-0.00569762,0.0585831,-0.00582623,0.0576914,-0.00588421,0.0572798,-0.0058863,0.054381,-0.00565206,0.0526217,-0.00520442,0.050373,-0.00413209,0.0483943,-0.00248688,0.0475348,-0.00146755,95,B02,1
0.350434,-1.32921,0.219398,-0.763062,0.175934,-0.554241,0.139625,-0.361631,0.117285,-0.24389,0.10918,-0.204023,0.0898348,-0.116203,0.0816754,-0.0837267,0.0736473,-0.0558472,0.0680917,-0.0385945,0.0659992,-0.0323926,0.0614948,-0.0186406,0.059907,-0.0135349,0.0586158,-0.00928605,0.0577259,-0.0069442,0.0573355,-0.00622926,0.0571758,-0.0060428,0.0558673,-0.00513513,0.0548764,-0.0049561,0.0529523,-0.00484889,0.0520285,-0.00482863,0.0513843,-0.00476568,0.0510574,-0.00474587,0.0488329,-0.00444179,0.0474864,-0.00400343,0.0456772,-0.00306074,0.044048,-0.00160657,0.0433369,-0.000661544,100,B02,2
0.148492,-0.0674601,0.124374,-0.051295,0.113928,-0.0424327,0.104018,-0.0330931,0.0970704,-0.0265221,0.0942716,-0.0239844,0.0869828,-0.0178498,0.0835224,-0.0151919,0.0798138,-0.0125608,0.0769077,-0.0107276,0.0756546,-0.0100156,0.0721327,-0.0082734,0.0702847,-0.00748181,0.0681852,-0.00663968,0.0664685,-0.00594442,0.0657601,-0.00573219,0.0654692,-0.00564183,0.0635328,-0.00524163,0.062349,-0.00516023,0.0601313,-0.00525563,0.0591279,-0.00524339,0.0583239,-0.00523702,0.0579834,-0.00520223,0.0555563,-0.00487424,0.0540925,-0.004418,0.0522571,-0.00349045,0.0505938,-0.0021677,0.0498473,-0.00132768,10,B02,2
0.144762,-0.0650119,0.121329,-0.0495161,0.111205,-0.0409308,0.101681,-0.0318233,0.0950476,-0.0254125,0.0923799,-0.0229397,0.0855035,-0.0169749,0.0822364,-0.0143957,0.0787613,-0.0118512,0.0760432,-0.0100984,0.0748826,-0.00942547,0.0716016,-0.00780252,0.0698723,-0.0070973,0.0678795,-0.00633546,0.0662086,-0.00576266,0.0655217,-0.0055352,0.0652343,-0.00546874,0.0633149,-0.00516996,0.0621719,-0.00511079,0.0599726,-0.0051898,0.0589544,-0.00520962,0.0581901,-0.00519371,0.0578368,-0.00516456,0.0554083,-0.0048549,0.0539507,-0.00442334,0.052111,-0.00352742,0.0504488,-0.00217176,0.0496934,-0.00133878,15,B02,2
0.141043,-0.061642,0.118282,-0.0472009,0.108512,-0.0390144,0.099373,-0.0302807,0.0930605,-0.0241127,0.0905385,-0.0217369,0.0840558,-0.0160147,0.0809949,-0.0135472,0.0777575,-0.0111207,0.0752351,-0.0094486,0.0741549,-0.00881325,0.07112,-0.00730315,0.0695277,-0.00668767,0.0676244,-0.00602011,0.0660602,-0.00557528,0.0653688,-0.00539361,0.0650603,-0.00532988,0.0631736,-0.00507202,0.0620083,-0.00509411,0.0598162,-0.00515604,0.0588103,-0.00517734,0.0580622,-0.00518398,0.0577079,-0.00515852,0.0552792,-0.00483177,0.0538059,-0.00443613,0.0519537,-0.00356594,0.0502811,-0.0022009,0.049528,-0.00135463,20,B02,2
0.138263,-0.0589183,0.116123,-0.0453932,0.10663,-0.0375441,0.0977953,-0.0291044,0.0917348,-0.0231465,0.0893223,-0.0208548,0.0831089,-0.0153253,0.0801985,-0.0129407,0.0771153,-0.0106067,0.0747351,-0.00900061,0.0737028,-0.00838293,0.0708465,-0.00698037,0.0693366,-0.00639315,0.0675155,-0.00581056,0.0659822,-0.00537311,0.065304,-0.00525532,0.0650363,-0.0051949,0.063155,-0.00498946,0.0620137,-0.00501217,0.0598149,-0.00515849,0.0587978,-0.00519471,0.0580434,-0.00518182,0.057679,-0.00517344,0.0552604,-0.00489294,0.053784,-0.00445429,0.0519093,-0.00356078,0.0501931,-0.0022172,0.049438,-0.00138356,25,B02,2
0.13531,-0.0566423,0.113582,-0.0436875,0.104376,-0.0360867,0.0958794,-0.027895,0.0900937,-0.0221125,0.0877967,-0.0198997,0.0819148,-0.0145615,0.0791699,-0.0122659,0.0762655,-0.0100134,0.0740315,-0.00847825,0.0730769,-0.00789898,0.0704164,-0.00657263,0.0690003,-0.00605615,0.0672863,-0.0055455,0.0658381,-0.00520201,0.065166,-0.00507438,0.0648849,-0.00503269,0.0630452,-0.00486992,0.0619176,-0.00491144,0.0597422,-0.00510056,0.0587392,-0.00514608,0.0580085,-0.00514564,0.0576326,-0.00512376,0.055212,-0.00485334,0.053739,-0.00447794,0.0518499,-0.00359387,0.050147,-0.00225219,0.0493866,-0.00139863,30,B02,2
0.133106,-0.0548107,0.111789,-0.0425223,0.102781,-0.035123,0.0945144,-0.0270926,0.088929,-0.0214281,0.0867258,-0.0192566,0.0810915,-0.0140246,0.0784682,-0.0117861,0.0756984,-0.00960646,0.0735777,-0.00811484,0.0726653,-0.00753899,0.0701341,-0.00626524,0.0687804,-0.00576963,0.0671698,-0.00533576,0.0657478,-0.00500815,0.0651077,-0.00492948,0.0648424,-0.0049005,0.0630489,-0.00480333,0.061902,-0.00486229,0.0597635,-0.00505265,0.0587656,-0.00509796,0.0579996,-0.00511417,0.0576848,-0.00509038,0.0552649,-0.00483973,0.0537622,-0.00445101,0.0518799,-0.00361257,0.0501727,-0.00225746,0.0494193,-0.00140094,35,B02,2
0.131332,-0.0536227,0.110105,-0.0416486,0.101233,-0.0343296,0.0931771,-0.0263989,0.0877724,-0.0207963,0.0856459,-0.0186575,0.0802397,-0.0135286,0.0777303,-0.0113416,0.0750925,-0.00921015,0.073073,-0.00775128,0.0722185,-0.00720111,0.069831,-0.00597469,0.0685587,-0.00552219,0.0670018,-0.00509105,0.0656567,-0.00484041,0.065035,-0.00476581,0.0647469,-0.00474801,0.0629706,-0.00470333,0.0618947,-0.00479121,0.0597536,-0.00499618,0.0587956,-0.00505021,0.0580391,-0.00507775,0.0576808,-0.00505634,0.0552926,-0.00481501,0.0538033,-0.00441943,0.0519253,-0.00359009,0.0502231,-0.00225405,0.0494532,-0.00140867,40,B02,2
0.130387,-0.0541947,0.10912,-0.041684,0.100327,-0.034175,0.0923978,-0.0261332,0.0871204,-0.0205174,0.0850331,-0.0183732,0.0797647,-0.0132655,0.0773129,-0.0110837,0.074758,-0.00896565,0.0728092,-0.0075264,0.0719806,-0.00699537,0.0696889,-0.00578307,0.0684698,-0.00534725,0.0669986,-0.00499603,0.065657,-0.00473957,0.0650479,-0.00465695,0.0647835,-0.00466052,0.0630489,-0.00460003,0.0619405,-0.00475255,0.0598382,-0.00496806,0.0588741,-0.00503643,0.0580821,-0.00504571,0.0577348,-0.00504603,0.0553523,-0.00480189,0.0538695,-0.00445619,0.0519963,-0.00360334,0.0502603,-0.00226387,0.0495247,-0.00142141,45,B02,2
0.128869,-0.0535612,0.107874,-0.0410521,0.0992347,-0.033579,0.0914833,-0.0256084,0.0863395,-0.0200603,0.0843228,-0.0179581,0.0792037,-0.0129309,0.0768272,-0.0107885,0.0743599,-0.00872487,0.0724675,-0.00731069,0.0716604,-0.00676546,0.0694619,-0.00560115,0.0682803,-0.00516004,0.0668739,-0.00484697,0.065584,-0.00461338,0.0650024,-0.00456731,0.064708,-0.0045343,0.0630396,-0.00457741,0.061907,-0.00466417,0.0598234,-0.00491306,0.0588859,-0.00498184,0.0581035,-0.00499926,0.0577643,-0.00501972,0.055385,-0.0047979,0.0538963,-0.00440596,0.0520256,-0.00357139,0.0503076,-0.002261,0.0495495,-0.00141816,50,B02,2
0.127865,-0.0534614,0.107036,-0.0408354,0.0985219,-0.0333592,0.0908878,-0.025372,0.0858541,-0.0198274,0.0838837,-0.0177308,0.0788663,-0.0127285,0.076551,-0.0106171,0.0741217,-0.00855742,0.0722779,-0.00715809,0.0715049,-0.00663028,0.0693506,-0.00547679,0.0682012,-0.00505288,0.066819,-0.0047201,0.0655837,-0.00452711,0.0649926,-0.00448917,0.0647341,-0.0045143,0.0630528,-0.00455031,0.0619593,-0.00466236,0.0598582,-0.00488769,0.0589243,-0.00498151,0.0581605,-0.00500662,0.057816,-0.00499651,0.0554186,-0.00481599,0.0539576,-0.00441684,0.0520805,-0.00358136,0.050355,-0.00225842,0.0495827,-0.0014283,55,B02,2
0.153369,-0.0740367,0.128052,-0.0552131,0.117091,-0.0454081,0.10668,-0.0353467,0.0993146,-0.028323,0.0963217,-0.0256002,0.0885621,-0.0190851,0.0848525,-0.0162605,0.0808659,-0.0134693,0.0777252,-0.0115138,0.0763737,-0.0107534,0.0725572,-0.00883451,0.070582,-0.00791319,0.0683761,-0.00692306,0.0666384,-0.0061504,0.0658993,-0.00584736,0.0655914,-0.00576507,0.0636515,-0.00529492,0.0624649,-0.00522909,0.0602624,-0.00529166,0.0592316,-0.00526745,0.0584631,-0.00523197,0.0581031,-0.00521066,0.0556714,-0.00481741,0.0542532,-0.00439349,0.052408,-0.0034697,0.0507849,-0.002132,0.050049,-0.00128594,5,B02,2
0.126773,-0.0543742,0.106048,-0.0413548,0.0976105,-0.0336528,0.0900787,-0.02546,0.0851249,-0.0197975,0.0831997,-0.0176654,0.0782932,-0.0125915,0.0760287,-0.0104592,0.0736688,-0.00839699,0.0718812,-0.00700385,0.071128,-0.00647898,0.0690417,-0.00531312,0.0679645,-0.0049133,0.0666153,-0.00459034,0.0654225,-0.00442672,0.0648444,-0.00437177,0.0646069,-0.00435688,0.0629411,-0.00443483,0.0618983,-0.00455411,0.0598165,-0.00481878,0.0588439,-0.00493246,0.0581198,-0.00495166,0.0577863,-0.00493708,0.0554187,-0.00475688,0.0539526,-0.00438915,0.052097,-0.00355301,0.0503627,-0.00225164,0.0496007,-0.00141603,60,B02,2
0.128202,-0.0608142,0.106566,-0.0449893,0.0978463,-0.0362199,0.0900909,-0.0270986,0.0850064,-0.0208781,0.0830472,-0.0185564,0.0780456,-0.0130664,0.0757566,-0.0107764,0.0733892,-0.00858507,0.0715925,-0.00710193,0.0708463,-0.00654787,0.0687816,-0.00531849,0.0676987,-0.00488171,0.06639,-0.00454932,0.0651959,-0.00437259,0.0646393,-0.00433747,0.0644082,-0.00431596,0.0627589,-0.00439684,0.0617345,-0.00450733,0.0596927,-0.00476402,0.0587383,-0.00485399,0.0580168,-0.00486609,0.0576818,-0.00489047,0.0553607,-0.00469679,0.0539163,-0.00431383,0.0520461,-0.00352507,0.0503382,-0.00223005,0.0495785,-0.00139811,65,B02,2
0.12665,-0.0576199,0.105072,-0.0427678,0.0964997,-0.0344523,0.0889476,-0.0258327,0.084037,-0.0199392,0.0821318,-0.0177334,0.0773137,-0.0125366,0.0751034,-0.0103597,0.0727954,-0.00827051,0.0710524,-0.00683915,0.0703398,-0.0063241,0.0683288,-0.0051249,0.0672862,-0.00471954,0.0660294,-0.00438087,0.0648852,-0.00423961,0.0643575,-0.00423001,0.0641046,-0.00417548,0.062515,-0.00428294,0.0615013,-0.00438868,0.0595038,-0.00468551,0.0585811,-0.00475116,0.0578842,-0.00479539,0.0575631,-0.00478997,0.055227,-0.0046277,0.0538062,-0.00427709,0.0519651,-0.00348415,0.0502532,-0.00221987,0.04948,-0.00136392,70,B02,2
0.124467,-0.0543852,0.103435,-0.0408948,0.0950996,-0.0330249,0.0878,-0.0247755,0.0830706,-0.0191271,0.0812544,-0.0170093,0.0766252,-0.0120208,0.0745081,-0.00994136,0.0722965,-0.00793247,0.0706238,-0.00657945,0.0699177,-0.00606035,0.0680049,-0.00495029,0.0670179,-0.00453847,0.0657923,-0.00423071,0.0647014,-0.00411198,0.0641837,-0.00408415,0.0639555,-0.00405633,0.0624039,-0.00419204,0.0614135,-0.00430602,0.0594355,-0.00461917,0.0585037,-0.00470689,0.0578089,-0.00476965,0.0574936,-0.00475406,0.0551953,-0.00458637,0.0537704,-0.00425868,0.0519129,-0.00349879,0.0502212,-0.00220571,0.0494451,-0.00137027,75,B02,2
0.122651,-0.0521205,0.101958,-0.0393023,0.0938312,-0.0317307,0.0867755,-0.0237616,0.082227,-0.0183208,0.0804788,-0.0162807,0.0760611,-0.0115029,0.074031,-0.00950573,0.0719177,-0.00759316,0.0703147,-0.0062879,0.0696503,-0.00580856,0.0678206,-0.00473528,0.0668514,-0.00435238,0.0657101,-0.00407687,0.0646528,-0.00397742,0.0641515,-0.00398892,0.0639182,-0.00392809,0.0624247,-0.00412763,0.0614156,-0.00426032,0.0594545,-0.00458036,0.0585349,-0.0047064,0.0578289,-0.00473367,0.0575042,-0.00475005,0.055237,-0.00459711,0.053769,-0.00429736,0.0519127,-0.00350754,0.0501788,-0.00223506,0.049416,-0.00141254,80,B02,2
0.120311,-0.0497664,0.100361,-0.0378089,0.0925568,-0.0305582,0.0858085,-0.0228688,0.0814617,-0.0176052,0.0798065,-0.0156342,0.0756027,-0.0110256,0.0736718,-0.00912159,0.0716493,-0.00727489,0.0701248,-0.00603968,0.0694861,-0.00556965,0.0677322,-0.00454775,0.066804,-0.00419338,0.0657068,-0.00394424,0.064684,-0.00388519,0.064206,-0.00389225,0.0639771,-0.00388164,0.0625007,-0.00410377,0.0615116,-0.00422998,0.0595315,-0.00461638,0.0586379,-0.0047048,0.0579217,-0.00475996,0.0575577,-0.0047812,0.0552544,-0.00465741,0.0538091,-0.00432766,0.0519276,-0.00355156,0.0501865,-0.00226686,0.0494352,-0.00143994,85,B02,2
0.117252,-0.0475523,0.0981068,-0.0361391,0.0906531,-0.0291513,0.0842551,-0.021734,0.0801957,-0.0166714,0.0786294,-0.0147714,0.0747181,-0.0103755,0.0729162,-0.00855816,0.0710452,-0.00682944,0.0696077,-0.00566033,0.0690308,-0.00524413,0.0673785,-0.00427398,0.0665178,-0.00395465,0.0654722,-0.00373605,0.064508,-0.00370815,0.0640548,-0.00370057,0.0638453,-0.00373711,0.0624012,-0.00396698,0.0614569,-0.00412853,0.0595046,-0.00455432,0.0585833,-0.00467484,0.0578776,-0.00472665,0.0575544,-0.00472726,0.0552384,-0.00462547,0.0537963,-0.00434931,0.0519074,-0.00356603,0.0501415,-0.0022947,0.0493639,-0.00145924,90,B02,2
0.114604,-0.0479175,0.0960795,-0.0357776,0.0889823,-0.0286331,0.0829612,-0.0211443,0.0791422,-0.0160967,0.0776935,-0.0142322,0.0740423,-0.00990104,0.0723675,-0.00813469,0.0706225,-0.0064633,0.0692784,-0.00534766,0.0687355,-0.0049432,0.0671883,-0.00404569,0.0663838,-0.00374893,0.0653934,-0.00359998,0.0644849,-0.00356057,0.0640403,-0.00359118,0.0638449,-0.00361526,0.062447,-0.0039006,0.061485,-0.00408104,0.0595437,-0.00454653,0.0586151,-0.00468125,0.057931,-0.00475463,0.0575909,-0.00473993,0.0552661,-0.0046796,0.0537908,-0.00438202,0.0518839,-0.00360085,0.0501186,-0.00232901,0.0493045,-0.00150006,95,B02,2
0.189169,-0.199647,0.163328,-0.129291,0.148734,-0.0989174,0.133425,-0.0715793,0.122054,-0.0539091,0.117467,-0.0473575,0.105952,-0.0314353,0.101018,-0.0247389,0.0962884,-0.0183005,0.0930693,-0.0139538,0.0918281,-0.0123382,0.0887744,-0.00869852,0.0873661,-0.00735031,0.0857681,-0.0062001,0.0844462,-0.00557088,0.0838221,-0.00540421,0.0835627,-0.00536211,0.081741,-0.00526234,0.0805802,-0.00545201,0.078283,-0.00586887,0.077183,-0.00603434,0.0763889,-0.00617126,0.0759708,-0.00620756,0.0731881,-0.0065309,0.0714308,-0.00664126,0.0689441,-0.00661599,0.0664804,-0.00626738,0.065291,-0.00594685,100,B03,1
0.185842,-0.0724672,0.159335,-0.0554484,0.147871,-0.0461381,0.136898,-0.036374,0.129048,-0.0294536,0.125837,-0.0267534,0.117479,-0.0201595,0.113485,-0.017253,0.109195,-0.0143317,0.105853,-0.0122869,0.104408,-0.0114918,0.100386,-0.00960553,0.0982396,-0.00876747,0.0957358,-0.00788028,0.0937104,-0.0072378,0.0928019,-0.00701422,0.0924454,-0.00695753,0.0900232,-0.00667263,0.0885066,-0.00677593,0.0856497,-0.00705224,0.084354,-0.00720819,0.0833858,-0.00732515,0.0829071,-0.00737342,0.0797488,-0.00760339,0.0777587,-0.00773136,0.0751007,-0.00776555,0.0724454,-0.00769359,0.071102,-0.00755335,10,B03,1
0.181878,-0.0718332,0.155917,-0.0546868,0.144714,-0.0453346,0.134063,-0.0354933,0.126539,-0.0285606,0.12347,-0.0258719,0.115538,-0.0193264,0.11175,-0.0164519,0.107721,-0.0136145,0.104587,-0.011624,0.103242,-0.0108687,0.0994627,-0.00906523,0.0974623,-0.00831176,0.0951125,-0.00757694,0.0931338,-0.00701436,0.0922662,-0.00682566,0.0918909,-0.00675086,0.0894958,-0.0065448,0.0879952,-0.00662555,0.0851881,-0.0069876,0.0838896,-0.00715387,0.082916,-0.00727016,0.0824601,-0.00733826,0.0793213,-0.00759595,0.0773197,-0.00768937,0.0746423,-0.00772946,0.0719578,-0.00760907,0.0706323,-0.00746483,15,B03,1
0.17804,-0.070727,0.152325,-0.053398,0.141388,-0.044029,0.131082,-0.0342861,0.12386,-0.0274539,0.12095,-0.0248187,0.113408,-0.018405,0.109836,-0.0156141,0.106071,-0.0128566,0.103147,-0.010929,0.101905,-0.0102105,0.0984009,-0.00852015,0.0965395,-0.00785217,0.0943228,-0.00720107,0.0924349,-0.00677864,0.0915686,-0.00658989,0.0912384,-0.00655466,0.0888445,-0.00644343,0.0873741,-0.00653654,0.0845946,-0.00692574,0.083309,-0.00707239,0.0823294,-0.00719822,0.0818974,-0.00723859,0.078732,-0.00754603,0.076759,-0.00763265,0.0740768,-0.00764583,0.0714129,-0.00750689,0.0700966,-0.0073288,20,B03,1
0.174709,-0.065938,0.14993,-0.0507189,0.139319,-0.0420642,0.129327,-0.032889,0.122341,-0.0263861,0.119517,-0.0238659,0.112226,-0.017716,0.108784,-0.0150223,0.105148,-0.0123608,0.102339,-0.0105025,0.101149,-0.00980563,0.0978092,-0.00819796,0.0960303,-0.00756616,0.0939057,-0.00698716,0.0920652,-0.00660088,0.0912218,-0.00647815,0.0908634,-0.00641452,0.0885293,-0.00632238,0.0870698,-0.00648463,0.0842967,-0.0068673,0.0829949,-0.00705264,0.0820353,-0.00716163,0.0816027,-0.0072182,0.07843,-0.00750966,0.0764484,-0.00758614,0.0738007,-0.00761542,0.0711257,-0.00744559,0.0697979,-0.00728109,25,B03,1
0.171263,-0.0634327,0.147114,-0.0488265,0.136821,-0.0404458,0.127193,-0.0315537,0.120483,-0.0252946,0.117785,-0.0228626,0.110814,-0.0169509,0.107528,-0.0143682,0.104054,-0.0117898,0.101384,-0.0100079,0.10026,-0.0093285,0.0971108,-0.00779585,0.095437,-0.00721935,0.0934021,-0.00669269,0.0916325,-0.00636697,0.0908199,-0.00628465,0.0904642,-0.00625986,0.0881603,-0.00622344,0.086705,-0.00640903,0.0839418,-0.0068282,0.0826833,-0.00701113,0.0817255,-0.00712409,0.0812806,-0.00718917,0.0781116,-0.00746503,0.0761134,-0.00756318,0.0734587,-0.00759351,0.0707871,-0.00742313,0.0694523,-0.0072276,30,B03,1
0.168544,-0.0608408,0.144978,-0.0471855,0.134953,-0.0391738,0.125592,-0.0305697,0.119103,-0.0244769,0.116502,-0.0221179,0.109778,-0.0163701,0.106612,-0.0138459,0.10329,-0.0113547,0.100728,-0.00961774,0.0996418,-0.00895384,0.0966445,-0.00748623,0.0950436,-0.0069395,0.0930997,-0.00645543,0.0913806,-0.00619413,0.0905826,-0.00610393,0.0902733,-0.00610387,0.087978,-0.00613149,0.0865597,-0.00631124,0.0838172,-0.00676033,0.0825626,-0.00697001,0.0815937,-0.00707732,0.0811309,-0.00712811,0.078036,-0.00745075,0.0760217,-0.00754761,0.0733668,-0.00758313,0.070674,-0.00740022,0.0693589,-0.00720464,35,B03,1
0.165804,-0.0590012,0.142686,-0.0458702,0.132917,-0.0380531,0.123829,-0.0296077,0.117592,-0.0236369,0.115092,-0.0213323,0.108658,-0.0157146,0.105639,-0.013259,0.102481,-0.0108368,0.100058,-0.00915782,0.0990246,-0.00851649,0.0962011,-0.00711093,0.0947004,-0.00661189,0.0928709,-0.0061974,0.0912243,-0.00594263,0.0904612,-0.00591935,0.0901538,-0.00592604,0.0879303,-0.00600583,0.0865237,-0.00620362,0.0838164,-0.00667624,0.0825749,-0.00688055,0.0816166,-0.00701705,0.0812019,-0.00706678,0.0780582,-0.00739101,0.0760776,-0.00751941,0.0734262,-0.00758745,0.0707219,-0.00739433,0.0694133,-0.00721377,40,B03,1
0.164271,-0.0586692,0.141135,-0.0453309,0.131461,-0.0374473,0.122568,-0.0290149,0.116499,-0.0230796,0.114082,-0.0207947,0.107858,-0.0152581,0.104954,-0.0128503,0.101906,-0.0104732,0.0995905,-0.00881914,0.0986079,-0.00819323,0.0959084,-0.00682456,0.0944879,-0.0063484,0.0927406,-0.00596823,0.0911568,-0.00577341,0.0904301,-0.00573507,0.0901236,-0.00577511,0.0879674,-0.00589834,0.0865794,-0.00610904,0.083877,-0.00659845,0.0826504,-0.00681211,0.0816857,-0.00696794,0.0812749,-0.00703336,0.0781852,-0.00734519,0.0762014,-0.00752213,0.0735267,-0.0075846,0.0708216,-0.00742069,0.0695111,-0.00724093,45,B03,1
0.161713,-0.0556144,0.139263,-0.0435958,0.129865,-0.0361575,0.121218,-0.0280315,0.115342,-0.0222825,0.113019,-0.0200765,0.107029,-0.0146978,0.104245,-0.0123738,0.101307,-0.0100629,0.0990828,-0.00845966,0.0981495,-0.00785285,0.0955788,-0.00651959,0.0942173,-0.00606223,0.092569,-0.00571716,0.0910855,-0.00559435,0.0903529,-0.00556036,0.0900603,-0.00556779,0.0879618,-0.00576735,0.0865542,-0.00601243,0.0839445,-0.00652372,0.0827474,-0.00675791,0.0818002,-0.00690241,0.0813776,-0.00698016,0.0782592,-0.00732733,0.0762937,-0.00747794,0.0736508,-0.00756556,0.0709514,-0.00743182,0.0696456,-0.00726152,50,B03,1
0.160155,-0.0547896,0.13797,-0.0430412,0.1287,-0.0356571,0.120214,-0.0275651,0.114491,-0.0218483,0.112223,-0.0196438,0.10643,-0.0143301,0.103728,-0.0120266,0.100909,-0.00976323,0.0987614,-0.00817577,0.0978709,-0.00758932,0.0954275,-0.00628743,0.0941097,-0.0058347,0.092518,-0.00549699,0.0910889,-0.00538404,0.0904278,-0.00540265,0.0901013,-0.00539935,0.0880652,-0.00561588,0.0867172,-0.00586684,0.0841117,-0.00647315,0.0829259,-0.00670658,0.0819463,-0.00688409,0.0815345,-0.00694994,0.0784763,-0.00731751,0.0764814,-0.00751027,0.0738257,-0.00760873,0.0711222,-0.0074778,0.0697816,-0.00733065,55,B03,1
0.192417,-0.0893126,0.164096,-0.0647309,0.151828,-0.0527582,0.14011,-0.0408123,0.131762,-0.032586,0.128353,-0.0294169,0.119532,-0.0218448,0.115326,-0.0185802,0.110799,-0.0153819,0.107251,-0.0131394,0.105717,-0.0122819,0.101411,-0.0101966,0.0991316,-0.00924905,0.0965303,-0.00822321,0.0944198,-0.007471,0.0935136,-0.00722597,0.0931403,-0.0071087,0.0906984,-0.00677589,0.0891321,-0.0068537,0.0862989,-0.00712564,0.0849832,-0.00726261,0.0840163,-0.00735835,0.0835565,-0.00740274,0.0803892,-0.0076568,0.0783818,-0.00774043,0.075751,-0.00782125,0.0730858,-0.00778932,0.0717277,-0.00768874,5,B03,1
0.159499,-0.0567662,0.137089,-0.0439607,0.127817,-0.0361563,0.11941,-0.0277237,0.113779,-0.021824,0.111567,-0.0195753,0.105892,-0.0141629,0.103262,-0.0118384,0.100521,-0.00955339,0.098448,-0.00797323,0.0975914,-0.00738382,0.0952282,-0.00606447,0.0939929,-0.00564082,0.0925025,-0.00535355,0.0911191,-0.00525368,0.0904425,-0.00528626,0.0901678,-0.00526146,0.0881602,-0.00553252,0.08684,-0.00584132,0.084268,-0.00641789,0.0830144,-0.00668624,0.0821215,-0.00682812,0.0816919,-0.00692726,0.0786129,-0.0072947,0.0766567,-0.00748916,0.0739759,-0.00760732,0.0712984,-0.00749899,0.0699618,-0.00735531,60,B03,1
0.160492,-0.0611578,0.137301,-0.0464883,0.127798,-0.0379291,0.119251,-0.0288584,0.113532,-0.02255,0.111294,-0.0201612,0.105594,-0.0144526,0.102958,-0.0120068,0.100223,-0.00962713,0.0981722,-0.00799134,0.097312,-0.0073697,0.094998,-0.00601649,0.0937775,-0.00553757,0.0923014,-0.00518844,0.0909774,-0.00512464,0.0903489,-0.00515099,0.0900571,-0.00516171,0.0881219,-0.00548764,0.0868262,-0.00574076,0.0842467,-0.00633888,0.0830364,-0.00658369,0.0821186,-0.00679805,0.0817024,-0.00685625,0.0786463,-0.0072848,0.076701,-0.00748867,0.0740352,-0.00758727,0.071326,-0.00750651,0.0699925,-0.00736572,65,B03,1
0.162264,-0.0653831,0.138006,-0.0488613,0.128163,-0.0396159,0.119318,-0.0299858,0.113434,-0.0233458,0.11114,-0.0208254,0.105303,-0.0148326,0.102623,-0.0122955,0.0998484,-0.00980657,0.0977634,-0.00808852,0.096911,-0.00746063,0.0945898,-0.00602371,0.0933909,-0.00551719,0.0919585,-0.00519613,0.0906393,-0.00505524,0.0900246,-0.00503855,0.0897298,-0.00505655,0.0878324,-0.00535986,0.0865759,-0.00561659,0.084028,-0.00623267,0.0828727,-0.00649937,0.0819643,-0.00665427,0.0815283,-0.00677839,0.0785454,-0.00719698,0.0766056,-0.00741091,0.0739682,-0.00754912,0.0712841,-0.00747866,0.0699303,-0.00730906,70,B03,1
0.159697,-0.0612516,0.136022,-0.0462479,0.126468,-0.037617,0.117935,-0.0285363,0.11228,-0.0222568,0.110071,-0.0198722,0.104478,-0.0141988,0.101901,-0.011778,0.0992372,-0.0094254,0.0972176,-0.0077941,0.0963903,-0.00718288,0.0941441,-0.00582176,0.0929823,-0.00534278,0.09158,-0.00500383,0.0903196,-0.00491545,0.0897115,-0.00493617,0.0894606,-0.00497285,0.0875669,-0.00526098,0.086348,-0.00553179,0.0838656,-0.00616981,0.0827154,-0.00641587,0.081824,-0.0065991,0.0814004,-0.00666114,0.0784102,-0.00712682,0.0765071,-0.00734157,0.0738734,-0.00749104,0.0711862,-0.00743305,0.0698713,-0.00727833,75,B03,1
0.156105,-0.0573069,0.133314,-0.0437471,0.12416,-0.0356694,0.116016,-0.0270744,0.110647,-0.0211023,0.108565,-0.0188402,0.103266,-0.0134653,0.100827,-0.0111773,0.098279,-0.00894253,0.0963805,-0.0074098,0.0955854,-0.0068258,0.0934462,-0.00553677,0.0923421,-0.00506574,0.0910379,-0.00478616,0.0898243,-0.00469274,0.0892544,-0.00472168,0.0890053,-0.00475539,0.0871997,-0.00510431,0.086,-0.00535311,0.0835878,-0.00604328,0.0824546,-0.00629853,0.0815838,-0.00650412,0.0811609,-0.00659025,0.0782212,-0.00701827,0.0763153,-0.00726859,0.0737039,-0.00744045,0.0710199,-0.00735829,0.0697141,-0.00722314,80,B03,1
0.153032,-0.0542812,0.131004,-0.0418139,0.122164,-0.0341418,0.114338,-0.0258917,0.109216,-0.0201545,0.107233,-0.017994,0.102205,-0.0128336,0.0998852,-0.0106538,0.0974695,-0.00852383,0.0956572,-0.00706402,0.0949017,-0.00651085,0.0928538,-0.00526177,0.091823,-0.00483629,0.0905678,-0.00454452,0.0894449,-0.00451642,0.0888741,-0.00451975,0.0886586,-0.00461406,0.0869272,-0.00491469,0.0857424,-0.00522601,0.0833922,-0.00595059,0.0822343,-0.00625153,0.0814059,-0.00640286,0.0809661,-0.00648709,0.0780652,-0.00701075,0.0761659,-0.00724214,0.0735666,-0.00742295,0.0708761,-0.00733281,0.0695733,-0.00717823,85,B03,1
0.149316,-0.051522,0.128182,-0.0398385,0.119753,-0.0325009,0.112325,-0.0245787,0.107519,-0.0190637,0.105658,-0.0169845,0.100978,-0.0120696,0.0988173,-0.0100089,0.0965634,-0.00800831,0.0948501,-0.00662287,0.0941471,-0.0061175,0.0922393,-0.00495184,0.091274,-0.00456417,0.0901147,-0.00431605,0.0890268,-0.00426514,0.0885193,-0.00431704,0.0882832,-0.00436771,0.0866376,-0.00476247,0.0854957,-0.0050927,0.0832001,-0.00585086,0.0821014,-0.00613405,0.0812157,-0.00631929,0.0808151,-0.00642722,0.0779231,-0.00695235,0.0760207,-0.00722249,0.0734218,-0.0073793,0.0707418,-0.00732741,0.0694107,-0.0071703,90,B03,1
0.145949,-0.0507588,0.125584,-0.0388868,0.117523,-0.0315697,0.1105,-0.0236943,0.105966,-0.0182679,0.104231,-0.0162256,0.099866,-0.0114279,0.097859,-0.00944243,0.0957692,-0.00753079,0.094181,-0.00621928,0.0935246,-0.00573823,0.0917512,-0.00466083,0.0908373,-0.00430135,0.089733,-0.00407724,0.0887373,-0.00407039,0.0882378,-0.00411883,0.0880275,-0.00419126,0.0864409,-0.00460576,0.0853458,-0.00500189,0.0830695,-0.00576471,0.0819495,-0.00607254,0.0810847,-0.00631959,0.0806956,-0.0063717,0.0778172,-0.00691128,0.0759422,-0.00719981,0.0733078,-0.00738386,0.070633,-0.00732231,0.0693099,-0.00715476,95,B03,1
0.169256,-0.152288,0.144786,-0.0928318,0.134269,-0.070977,0.123489,-0.0513758,0.115467,-0.038875,0.1122,-0.0342771,0.103698,-0.023254,0.0999034,-0.0186103,0.0961411,-0.0141089,0.0934878,-0.0110583,0.0924296,-0.00989888,0.0897646,-0.00728454,0.0884885,-0.00632641,0.0870457,-0.00555849,0.0857823,-0.00516533,0.0852084,-0.00509781,0.084955,-0.0050933,0.0831789,-0.0052202,0.0819714,-0.00543347,0.0795649,-0.00600458,0.0784154,-0.00620941,0.0775692,-0.00639324,0.0771475,-0.00647755,0.074236,-0.00685712,0.0723579,-0.00699142,0.0697653,-0.00695687,0.0671474,-0.00661232,0.0659059,-0.00631085,100,B03,2
0.189329,-0.0743124,0.161948,-0.0570779,0.149991,-0.0476272,0.138477,-0.0377307,0.130194,-0.0306984,0.126777,-0.0279343,0.117918,-0.0211551,0.113678,-0.0181305,0.109133,-0.0150969,0.105578,-0.0129567,0.104033,-0.0121057,0.0997559,-0.010048,0.0975144,-0.00911912,0.0949528,-0.00812592,0.0928892,-0.00742031,0.0919949,-0.00717594,0.0915999,-0.00708419,0.0891708,-0.00682699,0.0876163,-0.00689294,0.0847026,-0.00723677,0.0833715,-0.00741073,0.0823744,-0.00752933,0.0818785,-0.00755807,0.0786271,-0.00777975,0.0765233,-0.00781887,0.0738034,-0.007771,0.0711149,-0.00753828,0.0698017,-0.00734676,10,B03,2
0.185246,-0.0733553,0.158478,-0.0560153,0.146904,-0.0466,0.1358,-0.0367366,0.12786,-0.0297486,0.124617,-0.0270158,0.116155,-0.0203199,0.112125,-0.017344,0.107837,-0.0143881,0.104489,-0.0123097,0.103049,-0.011482,0.0990342,-0.00954331,0.096932,-0.00870847,0.0944859,-0.00781677,0.0924736,-0.00719928,0.0915996,-0.0070176,0.0912264,-0.00693272,0.0888004,-0.00668706,0.0872784,-0.00686446,0.0843595,-0.00719797,0.0830213,-0.00735046,0.0820173,-0.00746552,0.0815515,-0.00752763,0.0782163,-0.00772696,0.0762049,-0.00781936,0.0734426,-0.00773957,0.070748,-0.00749849,0.0694238,-0.00727864,15,B03,2
0.181574,-0.0700074,0.155431,-0.0537554,0.144146,-0.0447432,0.133396,-0.0352461,0.125741,-0.0285112,0.122624,-0.0258818,0.114527,-0.0194134,0.110687,-0.0165451,0.106614,-0.0136762,0.103449,-0.0116554,0.102095,-0.0108719,0.0983352,-0.00904861,0.0963516,-0.00829099,0.094029,-0.00754267,0.0920709,-0.00700623,0.0912043,-0.0068025,0.0908633,-0.00679374,0.0884158,-0.00665644,0.0869184,-0.00676765,0.0840473,-0.00716393,0.0826926,-0.00732522,0.0817099,-0.00743615,0.0812253,-0.00748805,0.0779581,-0.00773614,0.0758837,-0.00780149,0.0731149,-0.00774507,0.0703907,-0.00746165,0.0690932,-0.00720075,20,B03,2
0.17931,-0.0672088,0.153638,-0.0519775,0.142589,-0.0433224,0.132103,-0.0341443,0.124654,-0.0276332,0.121617,-0.0250873,0.113749,-0.0188079,0.110016,-0.0160108,0.106084,-0.0132174,0.103042,-0.011263,0.101749,-0.0105087,0.0981418,-0.00876053,0.0962255,-0.00805867,0.0939853,-0.00736694,0.0920727,-0.00690414,0.0912059,-0.00678163,0.0908402,-0.00670187,0.0884388,-0.00661167,0.0868883,-0.00679658,0.0839662,-0.00719706,0.0826279,-0.00737261,0.0816133,-0.00751388,0.0811239,-0.00759364,0.0778069,-0.00781234,0.075714,-0.00786179,0.0729235,-0.00778162,0.0701953,-0.00747272,0.068856,-0.0072204,25,B03,2
0.175969,-0.064785,0.151031,-0.0501751,0.140372,-0.0418044,0.130285,-0.0329202,0.123136,-0.0266244,0.120227,-0.0241622,0.112666,-0.0180957,0.109098,-0.0154029,0.105317,-0.0126831,0.102409,-0.0107861,0.101179,-0.0100665,0.0977455,-0.00839337,0.0959103,-0.00773452,0.0937698,-0.00711612,0.0919214,-0.00673112,0.0910634,-0.00660277,0.0907271,-0.00657081,0.0883291,-0.00655492,0.0867896,-0.00671326,0.0838625,-0.00719699,0.08254,-0.00737838,0.0815048,-0.00752074,0.0810112,-0.00757728,0.077692,-0.00784308,0.0755856,-0.00790328,0.0727765,-0.00781544,0.0700104,-0.0074803,0.0686813,-0.00722375,30,B03,2
0.173264,-0.062402,0.14887,-0.0486575,0.138482,-0.040596,0.128671,-0.0319461,0.121749,-0.0257979,0.118926,-0.023393,0.111635,-0.0174777,0.108195,-0.0148496,0.104577,-0.0122135,0.101797,-0.0103747,0.100615,-0.00966492,0.0973476,-0.00805864,0.0956116,-0.00745408,0.0935331,-0.00688003,0.0917418,-0.00655532,0.0909292,-0.00646253,0.0905763,-0.00643151,0.0882077,-0.00644904,0.0867079,-0.00662771,0.0837945,-0.00711891,0.0824782,-0.00732029,0.0814405,-0.00746783,0.0809813,-0.00752138,0.0776841,-0.00782979,0.0755561,-0.00788396,0.0727557,-0.00779703,0.0699897,-0.00747785,0.0686657,-0.00720192,35,B03,2
0.170353,-0.0605247,0.146455,-0.0472403,0.136342,-0.0393603,0.126853,-0.0308781,0.12022,-0.0248696,0.117527,-0.0225223,0.110559,-0.0167669,0.10728,-0.0142117,0.103834,-0.0116545,0.101203,-0.00987348,0.100094,-0.00920225,0.0970005,-0.00765955,0.0953613,-0.00707504,0.093409,-0.00660614,0.0916829,-0.00629959,0.0908787,-0.00625775,0.0905316,-0.00619941,0.0882725,-0.00632317,0.0867512,-0.00653904,0.0838879,-0.00704581,0.0825785,-0.00725003,0.0815708,-0.00741757,0.0810962,-0.0074562,0.0777751,-0.00780147,0.0756873,-0.00785893,0.0728909,-0.00780952,0.0701271,-0.00750827,0.0687854,-0.00725721,40,B03,2
0.168177,-0.0587504,0.144652,-0.0460881,0.134758,-0.0384,0.125505,-0.0300605,0.11908,-0.0241485,0.116494,-0.0218602,0.109778,-0.016216,0.106612,-0.0137094,0.103316,-0.0112187,0.100802,-0.0094781,0.0997296,-0.008806,0.0968022,-0.00733526,0.095243,-0.00679806,0.0933767,-0.00635131,0.0917204,-0.00613571,0.0909489,-0.00608478,0.0906139,-0.00605734,0.0883406,-0.00621161,0.0868768,-0.00647223,0.0840477,-0.00699766,0.0827356,-0.007238,0.0817323,-0.0073466,0.0812532,-0.00742175,0.0779718,-0.00774687,0.0758818,-0.00786091,0.0730584,-0.00782271,0.0702855,-0.00753308,0.0689456,-0.00730627,45,B03,2
0.166051,-0.0577351,0.142823,-0.0452712,0.13312,-0.0376308,0.12411,-0.0293548,0.117886,-0.0234814,0.11539,-0.0212219,0.108932,-0.0156637,0.105916,-0.0132153,0.102758,-0.0107731,0.100352,-0.00906559,0.0993355,-0.00841924,0.0965801,-0.00699909,0.0951013,-0.00648994,0.0933248,-0.00608642,0.0917594,-0.00591895,0.0910012,-0.00588961,0.0906689,-0.0058674,0.0884849,-0.00607079,0.0870424,-0.00636054,0.0842071,-0.00693024,0.0828966,-0.00716168,0.0819067,-0.00732048,0.0814491,-0.00739546,0.078175,-0.00773431,0.0760744,-0.00786242,0.073282,-0.00783439,0.0705148,-0.00757546,0.069137,-0.00734628,50,B03,2
0.16442,-0.0575485,0.141389,-0.0450272,0.131807,-0.0373141,0.122986,-0.0289704,0.116932,-0.0230934,0.114507,-0.0208322,0.108259,-0.0152862,0.105338,-0.0128615,0.102294,-0.0104549,0.0999844,-0.00876177,0.0990187,-0.00812517,0.0963708,-0.00674051,0.0949624,-0.00623537,0.0932881,-0.00587301,0.0917355,-0.00573715,0.0910365,-0.0057447,0.0907245,-0.00573107,0.0885413,-0.00597596,0.0871728,-0.00626779,0.0843543,-0.00685152,0.083067,-0.00710715,0.0820378,-0.007274,0.0815844,-0.00732651,0.0783092,-0.00772645,0.0762355,-0.00786795,0.0734312,-0.00783856,0.0706764,-0.0076111,0.0693139,-0.00737964,55,B03,2
0.195746,-0.0891253,0.166419,-0.065317,0.153718,-0.0535956,0.141532,-0.0418348,0.132752,-0.0336642,0.129156,-0.030485,0.119808,-0.0228597,0.115317,-0.0195096,0.110496,-0.016211,0.106696,-0.0138782,0.105052,-0.0129588,0.100468,-0.0106798,0.098102,-0.00964157,0.0954163,-0.0084441,0.0932984,-0.00761544,0.0924126,-0.0073502,0.0920205,-0.00724306,0.0895929,-0.00687536,0.0880438,-0.00695456,0.0851294,-0.00725982,0.0838079,-0.00739709,0.0827675,-0.00751339,0.0823113,-0.00756019,0.0790285,-0.00776053,0.0769993,-0.00781461,0.0742808,-0.00778542,0.071608,-0.00759641,0.0702667,-0.0074225,5,B03,2
0.164154,-0.0609719,0.14064,-0.046768,0.130997,-0.0384029,0.122176,-0.0295176,0.116161,-0.0233422,0.113776,-0.0209791,0.10762,-0.015244,0.104759,-0.0127597,0.101788,-0.0102966,0.0995468,-0.00860216,0.0986098,-0.0079594,0.0960576,-0.00653866,0.0947277,-0.00605427,0.0931073,-0.00568935,0.0916427,-0.00557909,0.0909308,-0.00556833,0.0906209,-0.00558312,0.0885112,-0.00587573,0.0871255,-0.0061475,0.0843916,-0.00679327,0.0830846,-0.00703212,0.0820842,-0.00720558,0.081673,-0.00727282,0.0783969,-0.00766971,0.0763252,-0.00783187,0.0735527,-0.00783772,0.0707514,-0.00761045,0.0693915,-0.00739073,60,B03,2
0.165504,-0.065486,0.141165,-0.0494623,0.13123,-0.0403634,0.122169,-0.0308323,0.116005,-0.0242271,0.113577,-0.0217124,0.107318,-0.0156412,0.104435,-0.0130286,0.101446,-0.010439,0.0992025,-0.00866535,0.0982763,-0.0079908,0.095749,-0.00650757,0.0944374,-0.00599168,0.0928536,-0.00563712,0.0913992,-0.00547177,0.0907393,-0.00550206,0.0904247,-0.00547229,0.0883649,-0.0057878,0.0869987,-0.006062,0.084266,-0.00670946,0.0830102,-0.00694335,0.0820343,-0.00712231,0.0816026,-0.00720136,0.0783805,-0.0076031,0.0763139,-0.00776768,0.0735297,-0.00780671,0.070757,-0.00760539,0.0694051,-0.00739052,65,B03,2
0.165056,-0.0662552,0.140309,-0.0494126,0.130336,-0.0401352,0.121303,-0.0305513,0.115217,-0.02397,0.112811,-0.0214638,0.106636,-0.0154291,0.103797,-0.01284,0.100854,-0.0102873,0.0986518,-0.00853624,0.0977305,-0.00787037,0.0952444,-0.00639065,0.0939668,-0.00588322,0.0924272,-0.00549645,0.0910161,-0.00535706,0.0903473,-0.00537501,0.0900609,-0.00540126,0.0880511,-0.00568643,0.0867044,-0.00593603,0.0840145,-0.00657523,0.0827977,-0.00680456,0.0818382,-0.00699669,0.0813927,-0.00705702,0.078287,-0.00748334,0.07623,-0.0076757,0.0734756,-0.0077385,0.070693,-0.00752864,0.069355,-0.00733619,70,B03,2
0.161914,-0.0618036,0.137984,-0.0467299,0.12838,-0.0381042,0.119717,-0.0290795,0.113907,-0.0228313,0.111605,-0.0204532,0.105721,-0.0147427,0.103006,-0.0122835,0.100165,-0.00985352,0.0980565,-0.00819479,0.097174,-0.00755087,0.0947786,-0.00614948,0.0935419,-0.00565096,0.0920535,-0.0053077,0.0907059,-0.00518569,0.0900772,-0.00522622,0.0898051,-0.00526773,0.0878105,-0.00550897,0.0864898,-0.0058639,0.0838771,-0.00647148,0.0826377,-0.00672214,0.0817118,-0.00691065,0.0812741,-0.00699259,0.0781539,-0.00744054,0.0761274,-0.0076352,0.0733983,-0.00767991,0.070639,-0.00751215,0.0692776,-0.0072975,75,B03,2
0.15835,-0.0583502,0.135248,-0.0444875,0.126008,-0.0363055,0.117733,-0.0276846,0.11221,-0.0217143,0.110034,-0.0194397,0.104462,-0.0139977,0.101886,-0.011659,0.0992025,-0.00936135,0.0971874,-0.00777211,0.0963545,-0.00717382,0.0940932,-0.0058406,0.0929361,-0.00538915,0.091521,-0.00506053,0.0902286,-0.00499388,0.0896454,-0.00500575,0.0893417,-0.00501962,0.0874412,-0.00535384,0.0861649,-0.00565698,0.0836112,-0.00636475,0.0824018,-0.00664114,0.0814768,-0.0068142,0.0810641,-0.00688725,0.0779647,-0.00734474,0.075957,-0.0075554,0.0732324,-0.00764035,0.0704702,-0.00746618,0.0691188,-0.00725363,80,B03,2
0.15497,-0.0553504,0.132676,-0.0425324,0.123782,-0.0347557,0.115868,-0.0264609,0.110604,-0.0207052,0.108555,-0.0185254,0.103285,-0.0133214,0.100847,-0.0110868,0.0983114,-0.00891099,0.0963818,-0.00737996,0.0956007,-0.00682965,0.093446,-0.00554967,0.0923505,-0.00511372,0.0910052,-0.00481524,0.0897935,-0.00477888,0.0892111,-0.0047934,0.0889517,-0.00483646,0.0871252,-0.00516047,0.0858936,-0.00552386,0.0833623,-0.00623668,0.0822007,-0.00649442,0.0812854,-0.00671854,0.0808286,-0.00677281,0.0777846,-0.00726973,0.0757939,-0.00750505,0.0730711,-0.00758949,0.0703249,-0.00741507,0.0689956,-0.0072029,85,B03,2
0.150866,-0.0524853,0.129485,-0.0404464,0.120974,-0.0330097,0.113478,-0.0250316,0.108558,-0.0195121,0.106643,-0.0174259,0.10175,-0.0124598,0.0995004,-0.0103641,0.0971336,-0.00830862,0.0953625,-0.00690362,0.0946173,-0.00636476,0.0926295,-0.00520029,0.0915858,-0.00476998,0.0903494,-0.00451446,0.0892271,-0.00452221,0.0886713,-0.00452989,0.0884325,-0.00457046,0.0866939,-0.00502678,0.0855039,-0.00537681,0.0830381,-0.00611992,0.0819006,-0.0064056,0.0809698,-0.00659333,0.0805667,-0.00668742,0.0775767,-0.00721144,0.0755877,-0.00740131,0.0728807,-0.00752421,0.0701515,-0.00736427,0.0687881,-0.0071313,90,B03,2
0.147274,-0.0515298,0.126697,-0.0393966,0.118606,-0.032004,0.11151,-0.024084,0.106902,-0.0186587,0.105114,-0.0166067,0.100583,-0.011776,0.098489,-0.00976112,0.096314,-0.00780872,0.0946572,-0.00647157,0.0939749,-0.00597172,0.0921037,-0.00487507,0.0911559,-0.00450909,0.0899887,-0.00429071,0.0889344,-0.00429739,0.0884097,-0.00434175,0.0881812,-0.00440172,0.0864825,-0.0048465,0.0853549,-0.00524755,0.0829142,-0.00600357,0.0817774,-0.00632909,0.0808752,-0.00654651,0.0804614,-0.00664433,0.0774484,-0.0071637,0.075496,-0.00739109,0.0727585,-0.00751192,0.070029,-0.00735356,0.0686784,-0.00713642,95,B03,2
0.169587,-0.184505,0.146944,-0.118566,0.134193,-0.0905027,0.120754,-0.0652514,0.110708,-0.0489796,0.106683,-0.0430016,0.0964345,-0.0284738,0.0920315,-0.0224192,0.0877904,-0.0166311,0.0848705,-0.0127695,0.0837419,-0.0113576,0.0808748,-0.00819949,0.0795091,-0.00707141,0.0779405,-0.00615989,0.0765875,-0.00575269,0.0759331,-0.00565359,0.075657,-0.00563033,0.0736668,-0.00578326,0.0722848,-0.00600812,0.0695107,-0.00651869,0.0682232,-0.00665462,0.0672781,-0.00673065,0.0668204,-0.00673918,0.0637239,-0.00669472,0.0617809,-0.00643225,0.059371,-0.00580427,0.05711,-0.00478235,0.056097,-0.0041195,100,B04,1
0.172348,-0.0749181,0.145875,-0.056361,0.134555,-0.0465003,0.123771,-0.0363181,0.116127,-0.029185,0.113015,-0.0264115,0.104961,-0.0197186,0.101132,-0.0168094,0.097034,-0.0139561,0.093799,-0.0119895,0.0924026,-0.0112433,0.0884305,-0.00945295,0.0863233,-0.00866912,0.083871,-0.00785899,0.0818628,-0.00731826,0.0809653,-0.00714487,0.0805985,-0.00709515,0.0780421,-0.00703961,0.0763616,-0.0072371,0.0731084,-0.00748819,0.0716851,-0.00751389,0.0705666,-0.0075263,0.0700407,-0.00751228,0.0667171,-0.00711124,0.0647764,-0.0067091,0.0623932,-0.00595248,0.0602398,-0.00495944,0.0592729,-0.0043735,10,B04,1
0.168425,-0.0708267,0.142909,-0.0538833,0.131938,-0.0445854,0.121529,-0.0348292,0.114185,-0.0279624,0.11121,-0.0252818,0.103516,-0.0188157,0.0998812,-0.0160064,0.0960113,-0.0132601,0.0929655,-0.0113757,0.091654,-0.0106573,0.0879156,-0.0089774,0.0859365,-0.00828442,0.0835839,-0.00758974,0.0816183,-0.00714153,0.0807529,-0.00701328,0.0803701,-0.00695019,0.0778242,-0.00696733,0.0761489,-0.00716055,0.0729193,-0.00743744,0.0714639,-0.00749248,0.070364,-0.0075083,0.0698983,-0.00747346,0.0665007,-0.00713974,0.0645711,-0.00674582,0.0621753,-0.00598415,0.0600153,-0.00497136,0.0590205,-0.00439523,15,B04,1
0.165176,-0.0699312,0.139882,-0.0526302,0.129175,-0.0433195,0.119093,-0.0336651,0.112042,-0.0269146,0.109194,-0.0243035,0.10186,-0.0179715,0.0984181,-0.0152374,0.0947612,-0.0125498,0.0919251,-0.010733,0.0907019,-0.0100384,0.0872366,-0.00848374,0.085363,-0.00786602,0.0831434,-0.00727319,0.08124,-0.00688758,0.0803885,-0.00680234,0.0800118,-0.00673342,0.0775125,-0.0068361,0.0758985,-0.00701315,0.0726714,-0.00737691,0.0712262,-0.00744926,0.0701458,-0.00746464,0.0696553,-0.00743429,0.0662989,-0.00711999,0.0643421,-0.00672221,0.0619243,-0.00599833,0.0597278,-0.00496993,0.0587576,-0.00438073,20,B04,1
0.162034,-0.0653094,0.137645,-0.0500793,0.127258,-0.0414633,0.117481,-0.0323409,0.110654,-0.0258925,0.107909,-0.0233933,0.100821,-0.0173028,0.0975069,-0.0146529,0.0939987,-0.0120694,0.0912677,-0.0102966,0.090109,-0.00964251,0.0867938,-0.0081647,0.0850006,-0.00757242,0.082872,-0.00705861,0.0810163,-0.00675425,0.0801634,-0.00663741,0.0798271,-0.00662473,0.077346,-0.00676207,0.0756878,-0.00698691,0.0725224,-0.00734848,0.0710744,-0.00739862,0.0700082,-0.00740893,0.0694856,-0.00740008,0.06619,-0.00712229,0.0641992,-0.0067565,0.0617761,-0.00600519,0.0595904,-0.00499368,0.0585909,-0.00439407,25,B04,1
0.158852,-0.0624632,0.13505,-0.0480616,0.124965,-0.0397618,0.115542,-0.0309746,0.108988,-0.0247703,0.106371,-0.022364,0.0996058,-0.0165253,0.096442,-0.0139805,0.0931035,-0.0114967,0.0905217,-0.00979977,0.0894215,-0.00916969,0.0862948,-0.00776078,0.0846024,-0.00723382,0.0825691,-0.00681179,0.0807737,-0.00656645,0.0799545,-0.00649778,0.0795836,-0.00648839,0.0771286,-0.00659103,0.0755307,-0.00688973,0.0723507,-0.00726135,0.0709479,-0.00736362,0.0698533,-0.00737019,0.0693826,-0.0073712,0.066051,-0.00711203,0.0640512,-0.00673162,0.0616004,-0.00602373,0.0594023,-0.00501157,0.0584047,-0.00440473,30,B04,1
0.156108,-0.060129,0.132811,-0.0465543,0.122973,-0.0385468,0.113845,-0.0299889,0.107522,-0.0239238,0.105001,-0.0215898,0.0985147,-0.0159011,0.0954865,-0.0134309,0.0922998,-0.0110148,0.0898453,-0.00938213,0.0887881,-0.00876367,0.0858278,-0.00743962,0.084226,-0.00694526,0.082259,-0.00653706,0.0805434,-0.00636964,0.0797205,-0.00632149,0.0793954,-0.00631368,0.0769757,-0.00654389,0.0753994,-0.006796,0.0722399,-0.00719643,0.0708497,-0.00729854,0.0697773,-0.00733674,0.0692797,-0.00732769,0.0659543,-0.00708929,0.0639859,-0.00672703,0.0615401,-0.00602811,0.0593098,-0.00501639,0.0583075,-0.00439855,35,B04,1
0.1534,-0.0587515,0.130437,-0.0454616,0.120858,-0.0375557,0.112011,-0.0290755,0.105967,-0.0231191,0.103552,-0.0208162,0.0973741,-0.0152539,0.094499,-0.0128481,0.0914684,-0.0105077,0.0891533,-0.00892875,0.0881477,-0.00833351,0.0853752,-0.00707144,0.0838463,-0.0066363,0.0819867,-0.00627464,0.0803266,-0.00615663,0.0795358,-0.00612559,0.0792134,-0.00614799,0.0768364,-0.006393,0.0752664,-0.00665211,0.0721825,-0.00712102,0.0707799,-0.00721642,0.0697295,-0.0072425,0.0692412,-0.00726651,0.0659409,-0.00705451,0.0639779,-0.00670205,0.0615259,-0.00601297,0.0592919,-0.00501748,0.0582888,-0.00439961,40,B04,1
0.151429,-0.0574943,0.128688,-0.0446111,0.119261,-0.0368132,0.110626,-0.0284246,0.10477,-0.0225324,0.102438,-0.020254,0.0964814,-0.0147681,0.0937232,-0.0124157,0.0908258,-0.0101206,0.0886019,-0.00857144,0.0876636,-0.0080021,0.0850203,-0.00678681,0.0835756,-0.00638807,0.0817881,-0.00609132,0.0801776,-0.00595541,0.0794159,-0.00595934,0.0790802,-0.00601129,0.076762,-0.00628048,0.0751916,-0.00657289,0.0721477,-0.0070383,0.0707902,-0.00714437,0.0697266,-0.00719919,0.0692215,-0.00721422,0.0659407,-0.00700587,0.0639842,-0.00666361,0.0615183,-0.00599733,0.0593087,-0.0050066,0.0583273,-0.00439063,45,B04,1
0.14957,-0.0570455,0.126959,-0.0441172,0.11767,-0.0362958,0.109237,-0.0278937,0.103547,-0.0220189,0.101307,-0.0197716,0.0955546,-0.0143406,0.0929014,-0.0120166,0.0901243,-0.00976156,0.088,-0.00823399,0.0871061,-0.00768144,0.0845879,-0.00648967,0.0832383,-0.00611506,0.0815314,-0.00583893,0.07999,-0.00580461,0.0792451,-0.00579817,0.0789145,-0.00579659,0.0766501,-0.0061665,0.0751332,-0.0064588,0.0721253,-0.00696942,0.0707173,-0.00709463,0.0696799,-0.00713413,0.0692159,-0.00714419,0.0659653,-0.00696231,0.0640192,-0.00665105,0.0615678,-0.00599828,0.0593346,-0.00500533,0.0583411,-0.00439642,50,B04,1
0.147734,-0.0562511,0.125427,-0.0434734,0.116331,-0.0357072,0.108088,-0.0273668,0.102542,-0.0215353,0.100363,-0.0193188,0.0947905,-0.0139597,0.0922195,-0.0116748,0.0895376,-0.00945428,0.0874983,-0.00796438,0.08663,-0.00741128,0.0842373,-0.00625068,0.0829292,-0.00588701,0.0813072,-0.0056387,0.0798272,-0.00562738,0.0790919,-0.00566571,0.0787835,-0.00568004,0.0765788,-0.00600481,0.0750569,-0.00634668,0.0720731,-0.00687726,0.0707159,-0.00699024,0.0696814,-0.00707162,0.0692098,-0.00706434,0.0659672,-0.0069174,0.0640255,-0.00663115,0.061612,-0.00596578,0.0593796,-0.00499705,0.0583687,-0.00439903,55,B04,1
0.182033,-0.104468,0.153463,-0.0725553,0.141077,-0.0580323,0.129268,-0.0440035,0.120899,-0.034597,0.117482,-0.0310246,0.10866,-0.0227278,0.104423,-0.0192205,0.0998718,-0.0158541,0.096254,-0.0135481,0.0946878,-0.0126702,0.090251,-0.0105448,0.0879315,-0.00960252,0.0852554,-0.00861751,0.0830675,-0.0079493,0.0821132,-0.00774032,0.0817092,-0.0076865,0.0789323,-0.00759024,0.0770899,-0.0077264,0.0736104,-0.00784579,0.0721087,-0.0078266,0.0709883,-0.00776181,0.0704677,-0.00770515,0.0671034,-0.00725451,0.0651349,-0.00678676,0.0627682,-0.00598078,0.0606551,-0.00499937,0.0596847,-0.00444081,5,B04,1
0.145974,-0.0577393,0.123687,-0.0440051,0.114691,-0.0358811,0.1066,-0.0272937,0.101211,-0.0213487,0.0991015,-0.0190914,0.0937122,-0.0136923,0.0912334,-0.0114082,0.0886435,-0.00918462,0.0866922,-0.00770437,0.0858688,-0.00714836,0.0835783,-0.00598809,0.0823456,-0.00563114,0.0807971,-0.00540015,0.0793834,-0.00537979,0.0787043,-0.00543462,0.0784041,-0.0054831,0.0762683,-0.00585247,0.0747936,-0.00619558,0.0718976,-0.00671449,0.0705555,-0.00685672,0.0695623,-0.00690422,0.0690895,-0.00691629,0.0658973,-0.00683245,0.064008,-0.00653912,0.061573,-0.00590977,0.0593761,-0.00494915,0.0583856,-0.00437087,60,B04,1
0.147011,-0.0627646,0.123873,-0.0469706,0.114589,-0.0380069,0.106267,-0.0286373,0.100765,-0.0221942,0.0986308,-0.0197739,0.0931934,-0.014007,0.0907159,-0.0115867,0.0881498,-0.00927012,0.0862091,-0.00771265,0.0853913,-0.00713536,0.0831572,-0.00593142,0.0819447,-0.00552924,0.080468,-0.00531154,0.0790977,-0.00529065,0.078419,-0.005348,0.0781423,-0.00535497,0.0760578,-0.00572729,0.0746042,-0.0060442,0.0717536,-0.0065953,0.070449,-0.00675112,0.0694471,-0.00681085,0.0690142,-0.00684294,0.0658578,-0.00669531,0.0639581,-0.0064432,0.0615822,-0.00585561,0.059356,-0.00492307,0.0583685,-0.00432604,65,B04,1
0.147232,-0.0650583,0.123506,-0.0477166,0.114082,-0.0383236,0.105728,-0.0287497,0.100234,-0.0222373,0.0980889,-0.019771,0.0926918,-0.0139793,0.0902244,-0.0115509,0.0876675,-0.00922635,0.0857369,-0.00765996,0.0849347,-0.00708553,0.0827191,-0.00585814,0.0815203,-0.00543473,0.0800804,-0.00519539,0.0787135,-0.00514178,0.0780991,-0.00521913,0.0778022,-0.00524159,0.0757477,-0.00559789,0.0743646,-0.00595719,0.0715964,-0.00646644,0.0702948,-0.00662029,0.0693298,-0.00671868,0.0688707,-0.00671872,0.0658101,-0.00662862,0.0639029,-0.00641137,0.0615034,-0.00582669,0.0593283,-0.00488933,0.0583218,-0.00431577,70,B04,1
0.144205,-0.0602943,0.121234,-0.044973,0.112185,-0.0363077,0.104177,-0.0273189,0.0989292,-0.0211479,0.096896,-0.0188264,0.0917382,-0.013334,0.0893856,-0.011031,0.0869354,-0.00881633,0.0850925,-0.00732714,0.0843142,-0.00678107,0.0821974,-0.00560441,0.0810816,-0.00523972,0.0796879,-0.00499591,0.0783869,-0.00496588,0.0777635,-0.00503838,0.0774984,-0.00506498,0.0755205,-0.00551754,0.074147,-0.00578946,0.0714203,-0.00636147,0.0701637,-0.00653761,0.0692129,-0.00660941,0.0687566,-0.00661736,0.0656812,-0.0066047,0.0638103,-0.00637333,0.0614367,-0.00579886,0.0592392,-0.0048729,0.0582324,-0.00428884,75,B04,1
0.14167,-0.057118,0.119128,-0.0428969,0.110295,-0.0346418,0.102561,-0.0260356,0.0975436,-0.0201309,0.0955944,-0.0179169,0.0906992,-0.0126745,0.0884525,-0.0104756,0.08613,-0.00838266,0.0843651,-0.00695179,0.0836381,-0.00643257,0.0816323,-0.00532013,0.0805666,-0.00494559,0.0792585,-0.00476018,0.0780573,-0.00481442,0.0774454,-0.00486601,0.077179,-0.00486197,0.0752445,-0.00532497,0.0739336,-0.00570065,0.0712638,-0.00624446,0.0700117,-0.00645293,0.069096,-0.00652132,0.0686345,-0.00655007,0.0655783,-0.00655367,0.0637243,-0.00634293,0.0613529,-0.00577632,0.059142,-0.00486091,0.058148,-0.00426899,80,B04,1
0.140031,-0.0550089,0.118003,-0.0415231,0.109409,-0.0335415,0.101924,-0.0251766,0.0970828,-0.0194488,0.0952046,-0.0172825,0.0905024,-0.012215,0.0883535,-0.0101043,0.0861142,-0.00806702,0.0844259,-0.00671437,0.08371,-0.00620381,0.081768,-0.00514158,0.0807651,-0.00482593,0.0794856,-0.00466482,0.0783076,-0.00469227,0.0777166,-0.00478762,0.0774634,-0.0048396,0.0755468,-0.00530775,0.0742032,-0.00570999,0.0715096,-0.00632233,0.0702361,-0.00650965,0.0692952,-0.00660859,0.0688392,-0.00663887,0.0657472,-0.00664385,0.063868,-0.00644259,0.0614373,-0.00588108,0.059191,-0.00495149,0.0581822,-0.00435091,85,B04,1
0.137189,-0.0525907,0.115965,-0.0397989,0.107735,-0.0321039,0.100626,-0.0240256,0.0960513,-0.0184975,0.0942949,-0.0164208,0.0898848,-0.011559,0.0878716,-0.00954399,0.0857849,-0.00762615,0.0841853,-0.00634477,0.083526,-0.00588222,0.0816929,-0.00489069,0.0807159,-0.00458235,0.0795185,-0.00444802,0.0783733,-0.00453989,0.0778066,-0.00463643,0.0775948,-0.00472331,0.0757071,-0.00526348,0.0743881,-0.00562684,0.0716515,-0.00633033,0.0704024,-0.00655198,0.0694173,-0.00664995,0.0689427,-0.00668649,0.0658483,-0.00668518,0.0639434,-0.00650194,0.0614701,-0.00595033,0.059222,-0.00501097,0.0581997,-0.0044246,90,B04,1
0.134159,-0.0515485,0.113753,-0.0387526,0.105948,-0.0311463,0.0992472,-0.0231523,0.0949677,-0.0177288,0.0933318,-0.0156978,0.0892294,-0.0109642,0.0873591,-0.00902096,0.0854179,-0.00719439,0.0839409,-0.00599335,0.0833244,-0.00554938,0.0816092,-0.00462983,0.0807038,-0.0043939,0.0795635,-0.00430153,0.0784575,-0.00438104,0.0779126,-0.00452703,0.0776625,-0.00460862,0.0758379,-0.00522536,0.0745033,-0.00564491,0.0717701,-0.00635155,0.0704996,-0.00656529,0.0695459,-0.00668044,0.0690883,-0.00672873,0.0659093,-0.0067522,0.0639931,-0.00656836,0.0615187,-0.00602655,0.0592094,-0.00508478,0.0582087,-0.00451103,95,B04,1
0.25399,-0.41756,0.190126,-0.266304,0.160775,-0.20515,0.132629,-0.148013,0.113511,-0.104509,0.106584,-0.0890151,0.0911664,-0.0532233,0.0852637,-0.0396319,0.0799006,-0.0276008,0.076294,-0.0201378,0.0748876,-0.0174885,0.0712715,-0.0117206,0.0695598,-0.00959961,0.0676682,-0.00767304,0.0661774,-0.00652139,0.0655367,-0.00612872,0.0652679,-0.00599139,0.0634673,-0.00555783,0.0622592,-0.00556304,0.0599222,-0.00567677,0.0588587,-0.00572063,0.0580452,-0.00571414,0.057649,-0.00573726,0.0549657,-0.00555111,0.0533343,-0.00522846,0.0511933,-0.00436543,0.0492707,-0.00302475,0.0484501,-0.00218392,100,B04,2
0.161023,-0.0765272,0.134656,-0.0565087,0.123568,-0.0462691,0.11304,-0.0359241,0.105582,-0.0287743,0.102538,-0.0260086,0.0946634,-0.0193546,0.0909215,-0.016463,0.0869111,-0.0136415,0.0837633,-0.0116959,0.0823895,-0.0109356,0.0785258,-0.0091082,0.0764736,-0.00825039,0.0741175,-0.00731923,0.072262,-0.00660458,0.0714348,-0.0063553,0.0711194,-0.00623384,0.0689303,-0.0058742,0.0675925,-0.00585112,0.0650917,-0.00592437,0.0639877,-0.0059337,0.0631409,-0.00588515,0.0627193,-0.00590132,0.0600493,-0.00563085,0.0584231,-0.00525819,0.0563892,-0.00446947,0.0545444,-0.00327936,0.0537549,-0.0025595,10,B04,2
0.157114,-0.0693095,0.13197,-0.0525438,0.12132,-0.0434509,0.111199,-0.0339665,0.104036,-0.0273133,0.101121,-0.0247215,0.0935565,-0.0184412,0.0899693,-0.0157001,0.0861391,-0.0130223,0.0831253,-0.0111479,0.0818293,-0.0104282,0.0781505,-0.00872099,0.0761798,-0.00792222,0.0739315,-0.0070794,0.0720999,-0.00647187,0.0713232,-0.00626238,0.0709704,-0.00615135,0.0688177,-0.00587771,0.0674784,-0.00581733,0.0649453,-0.00592565,0.0638385,-0.00593803,0.0629855,-0.00594037,0.0626014,-0.00589359,0.0599152,-0.00562361,0.0582944,-0.00526965,0.0562029,-0.00448076,0.0543662,-0.003284,0.0535478,-0.00255509,15,B04,2
0.153216,-0.0679907,0.128754,-0.051195,0.118443,-0.0421381,0.108738,-0.0327562,0.101909,-0.0262083,0.0991441,-0.0236746,0.0919926,-0.0175484,0.0886221,-0.0148914,0.0850328,-0.012281,0.082227,-0.0104869,0.0810152,-0.00980817,0.0775967,-0.00820331,0.0757772,-0.00751669,0.0736172,-0.00676763,0.0718836,-0.00629813,0.0710756,-0.00606529,0.0707589,-0.00598246,0.0686196,-0.00576049,0.0672589,-0.00580049,0.0647938,-0.00589061,0.0636921,-0.0059183,0.0628245,-0.00591602,0.0624321,-0.00590572,0.059758,-0.00564339,0.0580854,-0.00530222,0.0559903,-0.00450662,0.054132,-0.00330128,0.0533185,-0.0025879,20,B04,2
0.150027,-0.0646316,0.126283,-0.0490501,0.116301,-0.0404412,0.106933,-0.0314352,0.100379,-0.0251343,0.0977279,-0.0226929,0.0908928,-0.0167844,0.0876807,-0.0142199,0.0842657,-0.0116987,0.0816162,-0.00998807,0.0804798,-0.00933361,0.0772545,-0.00782061,0.0755151,-0.00717785,0.0734724,-0.00655325,0.0717424,-0.00611191,0.0709881,-0.00591691,0.070681,-0.00585547,0.0685357,-0.00566862,0.0672307,-0.00573786,0.0647039,-0.00588135,0.0635823,-0.00592313,0.0627326,-0.00594409,0.0623422,-0.00593312,0.0596436,-0.00568782,0.0579726,-0.00532547,0.055846,-0.00454646,0.0539798,-0.00333524,0.0531612,-0.00259286,25,B04,2
0.146851,-0.0619953,0.123701,-0.0471074,0.114037,-0.0387943,0.105034,-0.0300918,0.0987663,-0.0240149,0.0962454,-0.0216702,0.0897373,-0.0159857,0.086685,-0.013527,0.0834618,-0.011104,0.0809524,-0.00944918,0.0798779,-0.00882479,0.0768554,-0.00740256,0.0752247,-0.00683962,0.0732868,-0.00630167,0.071636,-0.00591939,0.0708628,-0.00577729,0.0705599,-0.00572482,0.0684521,-0.00564781,0.0671445,-0.0056699,0.0646206,-0.00586733,0.0635091,-0.00592914,0.062653,-0.00591762,0.062247,-0.00593439,0.0595118,-0.00571552,0.0578423,-0.0053689,0.0557261,-0.00458966,0.0538219,-0.00336293,0.0529785,-0.00262445,30,B04,2
0.144301,-0.0597064,0.121599,-0.0455355,0.112203,-0.0375035,0.103491,-0.0290575,0.0974531,-0.0231533,0.0950298,-0.0208745,0.0887829,-0.0153655,0.0858591,-0.0129723,0.082776,-0.0106311,0.0803974,-0.00904773,0.0793763,-0.0084378,0.0764953,-0.00708178,0.0749547,-0.00656419,0.0731051,-0.00608929,0.071484,-0.00574627,0.0707612,-0.00562789,0.0704562,-0.00561312,0.0683772,-0.00552088,0.0670777,-0.00562561,0.0645936,-0.00583989,0.063466,-0.00588967,0.0625939,-0.00590121,0.0622075,-0.00592106,0.0594788,-0.00572906,0.0578038,-0.0053889,0.0556613,-0.00459469,0.0537312,-0.00340691,0.052907,-0.00264001,35,B04,2
0.141728,-0.0581633,0.119429,-0.0443032,0.110294,-0.03641,0.101875,-0.0281061,0.0960831,-0.02233,0.0937703,-0.0201133,0.0878014,-0.0147467,0.0850141,-0.0124265,0.0820709,-0.010157,0.0798168,-0.00860736,0.0788478,-0.00803519,0.0761365,-0.00674285,0.0746748,-0.00626428,0.0729138,-0.00582819,0.0713782,-0.00555839,0.0706583,-0.00545819,0.0703577,-0.00544814,0.0683283,-0.00540066,0.0670166,-0.00557502,0.0645742,-0.00579206,0.0634427,-0.00583863,0.0625952,-0.00586132,0.0622193,-0.00587571,0.0594965,-0.00569813,0.0578294,-0.00538045,0.0556741,-0.00460719,0.05375,-0.0033966,0.0529111,-0.00264558,40,B04,2
0.139771,-0.0564371,0.117781,-0.0431729,0.108823,-0.0354668,0.100634,-0.0273372,0.0950347,-0.0216828,0.0927952,-0.0195091,0.0870357,-0.0142668,0.0843646,-0.0120014,0.0815314,-0.00978639,0.0793661,-0.00828524,0.0784431,-0.00773029,0.0758644,-0.00649089,0.0744741,-0.00603352,0.0727678,-0.00564117,0.0712731,-0.00540896,0.0705738,-0.00531485,0.0702928,-0.00531665,0.0682851,-0.00533014,0.0670164,-0.00547774,0.0645595,-0.00570099,0.0634607,-0.00579806,0.0626105,-0.00581521,0.0622253,-0.00583297,0.0595114,-0.00567525,0.0578124,-0.00536279,0.0557091,-0.00460285,0.0537831,-0.00340175,0.0529459,-0.00266144,45,B04,2
0.137632,-0.0550876,0.116001,-0.0421759,0.107255,-0.0345852,0.0993057,-0.0265776,0.0938889,-0.0210211,0.0917348,-0.0188979,0.0861929,-0.0137707,0.0836209,-0.0115634,0.080923,-0.00940855,0.0788562,-0.00795492,0.0779649,-0.00739325,0.0755209,-0.00621741,0.0741868,-0.00576936,0.0725872,-0.00542278,0.0711578,-0.00526435,0.0704827,-0.00519117,0.0702072,-0.00517547,0.0682332,-0.00520896,0.0669745,-0.00535426,0.0645549,-0.00567186,0.0634713,-0.00571841,0.0626178,-0.0057978,0.0622247,-0.00577918,0.0595523,-0.00567172,0.057852,-0.00534411,0.0557385,-0.00459261,0.0538198,-0.00339519,0.0529684,-0.00264772,50,B04,2
0.135809,-0.0541042,0.114521,-0.0414345,0.105959,-0.033946,0.0982055,-0.0260102,0.09296,-0.0205232,0.0908809,-0.0184296,0.0855261,-0.013387,0.0830427,-0.0112267,0.0804285,-0.00911511,0.078436,-0.00767829,0.0775968,-0.00714538,0.0752314,-0.00596874,0.0739739,-0.0055618,0.0724359,-0.00524739,0.0710517,-0.00509259,0.0703721,-0.00503782,0.0701101,-0.0050416,0.0681977,-0.00515237,0.0669636,-0.00529658,0.064549,-0.0056098,0.0634442,-0.00569529,0.0626342,-0.00575842,0.0622739,-0.00575648,0.0595627,-0.0056106,0.0578943,-0.00532218,0.0557647,-0.00457323,0.0538563,-0.00340151,0.0529998,-0.002648,55,B04,2
0.170303,-0.104054,0.142147,-0.0718637,0.130003,-0.0573789,0.118416,-0.0434844,0.110151,-0.0341932,0.106775,-0.0306457,0.0980586,-0.0223601,0.0939196,-0.0188732,0.0894586,-0.0155211,0.0859325,-0.0132087,0.0843999,-0.0123193,0.080086,-0.0101208,0.0778394,-0.00910185,0.0753238,-0.00800042,0.0733095,-0.00713298,0.0724427,-0.00684146,0.0720966,-0.00671772,0.0697713,-0.00629233,0.0683599,-0.00622058,0.065675,-0.00620811,0.0645083,-0.00615903,0.063606,-0.00614058,0.0632121,-0.00607625,0.060482,-0.00574875,0.0588791,-0.00528775,0.0568387,-0.00449413,0.0550073,-0.0033214,0.0541986,-0.00259758,5,B04,2
0.134182,-0.055113,0.113042,-0.0416774,0.104623,-0.0339062,0.0970604,-0.0257995,0.0919724,-0.0202398,0.0899524,-0.0181253,0.0847864,-0.0130878,0.0823884,-0.0109455,0.0798665,-0.00884957,0.0779643,-0.00744012,0.0771479,-0.00690913,0.0748983,-0.00576109,0.0737022,-0.00536952,0.0722154,-0.00504933,0.0708745,-0.00490186,0.0702441,-0.00491168,0.0699631,-0.00489245,0.0680822,-0.0050313,0.0668746,-0.00520896,0.0645255,-0.00554206,0.0634285,-0.00564299,0.0626026,-0.00568074,0.0622447,-0.00569917,0.0595548,-0.00560243,0.0579135,-0.00528449,0.0557819,-0.00455832,0.0538537,-0.00339396,0.0530148,-0.00265404,60,B04,2
0.133518,-0.0588646,0.112107,-0.0436765,0.1037,-0.0352293,0.0961731,-0.0265295,0.0911361,-0.0206202,0.0891621,-0.018392,0.0840801,-0.0131298,0.0817313,-0.0109122,0.0792779,-0.00875746,0.0774225,-0.0073182,0.0766411,-0.00678541,0.0744541,-0.00561051,0.0732951,-0.00521664,0.0718673,-0.00491155,0.0705879,-0.00479243,0.0699908,-0.00481342,0.0697136,-0.00479862,0.0678683,-0.00494902,0.0666827,-0.00512181,0.0643461,-0.005453,0.0632982,-0.00554314,0.0624892,-0.00559729,0.0620891,-0.00561684,0.0594724,-0.00548896,0.0578193,-0.00524903,0.055708,-0.00452687,0.0538081,-0.00336364,0.0529777,-0.0026259,65,B04,2
0.133581,-0.0627411,0.111451,-0.0452889,0.102864,-0.0361467,0.0952676,-0.0269979,0.0902206,-0.0208606,0.0882334,-0.0185592,0.0831773,-0.0131567,0.0808503,-0.0108854,0.0784321,-0.00870394,0.0765925,-0.00723042,0.0758272,-0.00668433,0.0737039,-0.00548962,0.0725822,-0.00505608,0.0712223,-0.00476126,0.0699887,-0.00464845,0.0694052,-0.00462105,0.0691359,-0.00464401,0.0673661,-0.00476884,0.0662086,-0.00494557,0.063952,-0.00528037,0.0629113,-0.00540305,0.0621313,-0.00542749,0.0617794,-0.00545759,0.0592102,-0.00538661,0.0576024,-0.00512889,0.0555071,-0.0044286,0.0536368,-0.00328564,0.0527828,-0.00254899,70,B04,2
0.131697,-0.0587014,0.109976,-0.04298,0.101607,-0.0344553,0.0942556,-0.0257991,0.089389,-0.0199653,0.0874837,-0.0177802,0.0826152,-0.0126258,0.0803727,-0.0104636,0.0780307,-0.0083773,0.0762622,-0.00696677,0.0755139,-0.0064374,0.0734741,-0.00528274,0.0724006,-0.00490959,0.0710832,-0.00465371,0.0698705,-0.00452248,0.0693162,-0.00453662,0.0690597,-0.00451912,0.0673118,-0.00471978,0.0661667,-0.0049388,0.0639178,-0.00526227,0.0628957,-0.00537724,0.0620922,-0.00544945,0.0617223,-0.00546659,0.0591796,-0.00537892,0.0575358,-0.00514155,0.0554333,-0.00444421,0.0535429,-0.00329204,0.0527089,-0.00257126,75,B04,2
0.129694,-0.0562264,0.108399,-0.0413802,0.100268,-0.0331704,0.0931725,-0.0248309,0.0885005,-0.0191896,0.0866852,-0.0170881,0.0820227,-0.0121215,0.0798757,-0.0100386,0.0776333,-0.00804326,0.0759396,-0.00668778,0.0752257,-0.00619262,0.0732677,-0.00509296,0.0722301,-0.00471944,0.0709677,-0.00447385,0.0698004,-0.00440107,0.0692397,-0.00440199,0.0689931,-0.00443231,0.0672994,-0.00468447,0.0661479,-0.00485741,0.0639071,-0.00527039,0.0628745,-0.00539481,0.0620678,-0.00544245,0.0617219,-0.0054766,0.0591079,-0.00542419,0.0574775,-0.00518958,0.0553665,-0.00448866,0.0534429,-0.00333867,0.0526173,-0.00258065,80,B04,2
0.127851,-0.0539658,0.107023,-0.0399472,0.0991075,-0.0320394,0.0922321,-0.0239506,0.0877413,-0.0184933,0.0859886,-0.0164522,0.0815164,-0.0116532,0.0794533,-0.00964581,0.0773138,-0.00772766,0.0756869,-0.00643112,0.0750043,-0.00594434,0.073119,-0.00490909,0.0721415,-0.00458216,0.0709155,-0.00434143,0.0697872,-0.00429323,0.0692394,-0.0043342,0.069001,-0.00433904,0.067299,-0.00461401,0.0661955,-0.0048536,0.0639209,-0.00530608,0.062901,-0.00542286,0.0620978,-0.00550121,0.061706,-0.00548844,0.0590899,-0.00547636,0.0574549,-0.00523141,0.0553118,-0.00454418,0.0533838,-0.00336399,0.052533,-0.00260967,85,B04,2
0.125376,-0.0517048,0.105262,-0.0383824,0.0976704,-0.0307706,0.0911241,-0.0229319,0.0868689,-0.0176553,0.0852132,-0.0156993,0.0810099,-0.0110803,0.0790736,-0.00916699,0.0770521,-0.00733088,0.0755154,-0.00612153,0.0748658,-0.00566693,0.0730796,-0.00468743,0.0721211,-0.00435992,0.0709613,-0.00419417,0.0698734,-0.00419489,0.0693589,-0.00424946,0.0691235,-0.00425863,0.0674434,-0.00459323,0.0663277,-0.00485311,0.0640318,-0.00532663,0.0629794,-0.00547915,0.0621438,-0.00554526,0.0618027,-0.00558113,0.0591437,-0.00556314,0.0574568,-0.00532331,0.0552865,-0.00461234,0.0533113,-0.00344135,0.0524486,-0.00267483,90,B04,2
0.122665,-0.0510404,0.103239,-0.0375724,0.0959904,-0.0299713,0.0897932,-0.0221953,0.0857768,-0.0169804,0.0842288,-0.0150628,0.0802939,-0.0105357,0.0784984,-0.00868968,0.076608,-0.00693912,0.0751717,-0.00577423,0.0745625,-0.0053565,0.0728857,-0.00444522,0.0719944,-0.0041813,0.0708847,-0.00403001,0.0698622,-0.00406393,0.0693342,-0.00413533,0.0691011,-0.00414631,0.0674583,-0.00454932,0.0663172,-0.00482896,0.0640507,-0.00533135,0.0629889,-0.00550929,0.0621504,-0.00559683,0.0617583,-0.0056387,0.0590911,-0.00562602,0.0573927,-0.00537683,0.0551995,-0.00467501,0.0532079,-0.00347409,0.0523538,-0.00270583,95,B04,2
0.247896,-0.37389,0.187295,-0.240772,0.161496,-0.197416,0.130887,-0.138347,0.110483,-0.0999287,0.102918,-0.0858867,0.0858555,-0.0523767,0.0794058,-0.039174,0.0737163,-0.0271946,0.070104,-0.0196109,0.0687525,-0.0168973,0.0655187,-0.0110162,0.0640463,-0.0088941,0.0624755,-0.00718707,0.0611442,-0.00626001,0.0605407,-0.00604119,0.0602791,-0.00597703,0.0583279,-0.00590537,0.0569695,-0.00600468,0.0542789,-0.00626281,0.0530558,-0.00629596,0.0521377,-0.00630892,0.0516903,-0.00630781,0.0486632,-0.0059233,0.0468673,-0.00540964,0.0446257,-0.00425234,0.04269,-0.00257097,0.0418576,-0.00154698,100,B05,1
0.157861,-0.0756801,0.130587,-0.0575231,0.118848,-0.0477818,0.107557,-0.0377132,0.0993911,-0.0306281,0.0960314,-0.0278411,0.0872325,-0.0209713,0.0830387,-0.0178689,0.0785842,-0.0147191,0.0751471,-0.0124319,0.0736998,-0.0115403,0.0697469,-0.00929875,0.0677774,-0.00828988,0.0655737,-0.0072898,0.0638341,-0.00668733,0.0630367,-0.00649373,0.06273,-0.00643276,0.0604183,-0.00639885,0.0589107,-0.00647598,0.0559193,-0.00670453,0.0546074,-0.00673649,0.0535918,-0.00667105,0.0531343,-0.00664467,0.0499793,-0.00608597,0.0481846,-0.00540508,0.0460259,-0.00410178,0.0442149,-0.00237814,0.0434784,-0.00137262,10,B05,1
0.153433,-0.0713292,0.127112,-0.0546294,0.115858,-0.0454253,0.105085,-0.0358327,0.0973323,-0.029066,0.0941437,-0.0264189,0.0858176,-0.0198603,0.0818573,-0.0168987,0.0776765,-0.0138963,0.074454,-0.0117348,0.0730944,-0.0108832,0.0693917,-0.00879891,0.0675202,-0.00790361,0.0654218,-0.00702936,0.0637001,-0.00650002,0.0629373,-0.00633614,0.0626134,-0.00628215,0.0603175,-0.00630156,0.0588021,-0.00641826,0.0558662,-0.00666699,0.0545557,-0.00666892,0.0535395,-0.00664075,0.0531031,-0.0066401,0.0499169,-0.00607486,0.0481364,-0.0054003,0.0459798,-0.00412634,0.0441561,-0.00241,0.0433907,-0.00139828,15,B05,1
0.14902,-0.0671639,0.123624,-0.0517242,0.112853,-0.0430078,0.10263,-0.0338868,0.0953031,-0.0274476,0.0923079,-0.0249296,0.0844666,-0.0186896,0.0807482,-0.0158926,0.0768226,-0.0130339,0.0738267,-0.0109982,0.0725731,-0.0102006,0.0691372,-0.00830312,0.0673669,-0.00750651,0.0653619,-0.00676169,0.0636896,-0.0063383,0.0629345,-0.00622482,0.0626216,-0.00615227,0.0603502,-0.0062574,0.0588211,-0.00641395,0.0558848,-0.00662792,0.0545779,-0.0066737,0.0535576,-0.00664884,0.0531031,-0.00660174,0.0499695,-0.0060813,0.0481367,-0.00545254,0.0459618,-0.00418942,0.0441046,-0.00246708,0.0433293,-0.00146157,20,B05,1
0.145589,-0.064632,0.120842,-0.049855,0.110434,-0.0414125,0.100597,-0.0325325,0.0936149,-0.0262937,0.0907619,-0.0238609,0.0832995,-0.0178347,0.0797717,-0.0151353,0.076059,-0.012392,0.073238,-0.0104427,0.0720431,-0.00968255,0.0688147,-0.00791854,0.0671378,-0.00717212,0.0652023,-0.00648305,0.0635821,-0.00612776,0.0628284,-0.00605015,0.0625084,-0.00601255,0.0602653,-0.00613911,0.0587825,-0.00631071,0.0558913,-0.00658407,0.054589,-0.00659305,0.0535823,-0.00659062,0.0531005,-0.00656724,0.049982,-0.00609715,0.0481493,-0.00544739,0.045958,-0.00421211,0.0440863,-0.00249644,0.0433213,-0.00147419,25,B05,1
0.142242,-0.062591,0.118024,-0.0482215,0.107959,-0.0399527,0.0985287,-0.0312646,0.0918731,-0.0251807,0.0891568,-0.0228187,0.0820805,-0.0169921,0.0787454,-0.0143829,0.0752469,-0.0117484,0.0725894,-0.00988044,0.0714739,-0.00915666,0.0684493,-0.00748638,0.0668642,-0.00680754,0.0650371,-0.00624912,0.0634754,-0.00594602,0.0627413,-0.00589712,0.0624233,-0.00587881,0.0602268,-0.00601038,0.0587366,-0.006224,0.0558741,-0.00650952,0.0545743,-0.00656973,0.0535762,-0.00655184,0.0531084,-0.00653556,0.0500137,-0.00606566,0.0481559,-0.00542952,0.0459666,-0.00422912,0.0441019,-0.00250765,0.0433151,-0.00149163,30,B05,1
0.139682,-0.0605886,0.115874,-0.0468196,0.106061,-0.038769,0.0969048,-0.0302643,0.0904962,-0.0243256,0.0878972,-0.022027,0.0811056,-0.0163486,0.0779123,-0.0138156,0.0745646,-0.011256,0.0720404,-0.00945468,0.0709718,-0.00874879,0.0680958,-0.0071683,0.0666151,-0.00656257,0.064852,-0.00604781,0.0633177,-0.00578885,0.0626006,-0.00572427,0.0622988,-0.0057441,0.0601423,-0.00588453,0.0586575,-0.00613424,0.0558235,-0.00646369,0.0545372,-0.00652111,0.0535355,-0.00650117,0.0530971,-0.00648584,0.0499737,-0.00601389,0.0481598,-0.00540621,0.0459622,-0.00420536,0.0440859,-0.00249389,0.0433204,-0.00148594,35,B05,1
0.137052,-0.058917,0.113665,-0.0455616,0.10411,-0.0376558,0.0952518,-0.0293072,0.0890973,-0.0234948,0.0865998,-0.021241,0.0801043,-0.0157156,0.0770512,-0.0132588,0.0738615,-0.0107741,0.0714577,-0.00902654,0.0704559,-0.00835222,0.0677374,-0.00684189,0.0663192,-0.00627205,0.064637,-0.00579896,0.0631644,-0.00561942,0.0624824,-0.0055905,0.0621773,-0.00558936,0.0600133,-0.00580126,0.05859,-0.00605798,0.0557682,-0.00638459,0.0544847,-0.00645814,0.0535194,-0.00643781,0.0530682,-0.00641968,0.0499864,-0.00601778,0.0481592,-0.00538233,0.0459643,-0.00418039,0.0441159,-0.00249723,0.0433309,-0.0014886,40,B05,1
0.134896,-0.057711,0.111933,-0.0446543,0.102591,-0.0368605,0.0939822,-0.0286164,0.0880143,-0.0228716,0.0856134,-0.0206757,0.0793366,-0.0152432,0.0763881,-0.012831,0.0733292,-0.0104099,0.071016,-0.00870303,0.070053,-0.00805262,0.0674481,-0.00658743,0.066094,-0.00605676,0.0644796,-0.00565535,0.0630592,-0.00549444,0.0623625,-0.00546337,0.0620714,-0.00545762,0.0599661,-0.00571048,0.0585234,-0.00596925,0.0557286,-0.00633009,0.0544644,-0.00640531,0.0534884,-0.00638898,0.0530385,-0.00635647,0.0499635,-0.00597006,0.0481557,-0.00537176,0.0459806,-0.00417795,0.0441223,-0.00248562,0.043335,-0.0014752,45,B05,1
0.132971,-0.0582257,0.110236,-0.044599,0.101072,-0.0366155,0.0926988,-0.0282517,0.0869035,-0.0224676,0.0845876,-0.0202567,0.0785277,-0.0148509,0.0756858,-0.0124542,0.07274,-0.010075,0.070532,-0.00840558,0.0696069,-0.00776658,0.0671161,-0.00634237,0.0658315,-0.00584511,0.0642614,-0.00544358,0.0628876,-0.00532743,0.062202,-0.00532259,0.0619551,-0.00536784,0.0598779,-0.00562768,0.0584986,-0.00584228,0.0556892,-0.00626995,0.0544464,-0.00634464,0.0534529,-0.00634959,0.0529932,-0.00634604,0.0499841,-0.00593058,0.0481544,-0.0053617,0.0459886,-0.00414773,0.0441156,-0.00248057,0.043333,-0.00146354,50,B05,1
0.133083,-0.0619983,0.109893,-0.0466763,0.100642,-0.0380262,0.0922171,-0.0290403,0.0864532,-0.0228901,0.0841591,-0.0205636,0.0781695,-0.0149069,0.0753926,-0.0124512,0.0725029,-0.0100175,0.0703302,-0.00831786,0.0694369,-0.00767692,0.0670197,-0.00625508,0.0657384,-0.00573761,0.0642304,-0.00539019,0.062876,-0.00529046,0.0622241,-0.00530296,0.0619372,-0.00530456,0.0598819,-0.00561892,0.0584649,-0.00587358,0.0557145,-0.00624462,0.0544411,-0.00634249,0.053478,-0.00636333,0.0530286,-0.00632522,0.0499692,-0.00591134,0.0481669,-0.00534381,0.0459869,-0.00415481,0.0441333,-0.00250265,0.0433253,-0.00146783,55,B05,1
0.1639,-0.0785756,0.135254,-0.0600422,0.122848,-0.0500601,0.110852,-0.0397469,0.102106,-0.0324047,0.0985042,-0.029508,0.089061,-0.0223149,0.0845751,-0.0190582,0.0797911,-0.0157456,0.0760727,-0.0133256,0.0744934,-0.0123488,0.0702329,-0.00989012,0.0681303,-0.00876812,0.0658369,-0.00760372,0.0640432,-0.00687638,0.0632579,-0.00665972,0.0629308,-0.0066294,0.0606121,-0.00648386,0.0590876,-0.00658559,0.0560482,-0.00679838,0.0546924,-0.0067924,0.0536668,-0.00672153,0.0532425,-0.00668748,0.0500391,-0.00608497,0.048248,-0.00538424,0.0461215,-0.0040774,0.044339,-0.00233461,0.0435811,-0.00133121,5,B05,1
0.135344,-0.0693558,0.111259,-0.0504098,0.101786,-0.0405541,0.0931569,-0.0306882,0.0872433,-0.0240283,0.084896,-0.0215162,0.0787772,-0.0154618,0.0759388,-0.0128551,0.0730074,-0.0102963,0.070808,-0.00851844,0.0698911,-0.00783908,0.0674373,-0.00635793,0.0661673,-0.00586147,0.0646395,-0.00547059,0.0632554,-0.00535087,0.0625979,-0.00536594,0.0622984,-0.00537536,0.0602011,-0.00568521,0.0587815,-0.00599754,0.0559526,-0.00637322,0.0546576,-0.00646204,0.0536765,-0.00645494,0.053236,-0.00646304,0.0501026,-0.00603682,0.0482787,-0.00543958,0.0460612,-0.00424045,0.0441763,-0.0025673,0.0433793,-0.00156269,60,B05,1
0.131829,-0.0637792,0.108411,-0.0470964,0.0993007,-0.0380757,0.0910759,-0.02889,0.0854729,-0.0226547,0.0832544,-0.0203032,0.0774553,-0.0146291,0.0747598,-0.0121744,0.0719713,-0.00975077,0.0698755,-0.00807421,0.0690148,-0.00744564,0.0666864,-0.00604548,0.0654776,-0.00556967,0.0640321,-0.0052178,0.0627075,-0.00512269,0.0620824,-0.00514933,0.0617938,-0.00518602,0.0597821,-0.00550976,0.0584029,-0.00582001,0.0556491,-0.00619957,0.0544177,-0.00628304,0.0534439,-0.00629348,0.0530149,-0.00631929,0.0499649,-0.00592122,0.0481404,-0.00535612,0.0459394,-0.00418021,0.0440603,-0.00252539,0.0432617,-0.0015077,65,B05,1
0.128025,-0.0603545,0.105323,-0.0448191,0.0965549,-0.0362205,0.0887194,-0.0274183,0.0834285,-0.0214444,0.0813276,-0.0192032,0.0758908,-0.0138134,0.0733565,-0.0114905,0.0707252,-0.00920516,0.0687588,-0.00761401,0.0679517,-0.00701943,0.0657632,-0.0056899,0.0646354,-0.00523527,0.0632673,-0.00494157,0.0620429,-0.00488316,0.0614228,-0.0049173,0.0611768,-0.00493316,0.059227,-0.00523466,0.0579262,-0.00553886,0.0552774,-0.00599037,0.054069,-0.00611159,0.0531346,-0.0061289,0.0527052,-0.00612709,0.0497636,-0.00578744,0.0479601,-0.00524503,0.045773,-0.00411236,0.0439231,-0.00247585,0.0431171,-0.00145369,70,B05,1
0.124849,-0.0573255,0.102666,-0.0427363,0.0941272,-0.0344977,0.0865789,-0.0260492,0.0815564,-0.0203324,0.079565,-0.0181883,0.0744324,-0.0130576,0.0720355,-0.0108542,0.0695601,-0.00869801,0.0677008,-0.00719042,0.0669328,-0.00662387,0.0648729,-0.00537102,0.0638027,-0.00492347,0.062524,-0.0046455,0.0613487,-0.00461717,0.0607782,-0.00465373,0.0605363,-0.00467881,0.058708,-0.00503884,0.0574421,-0.00531173,0.0549053,-0.00578529,0.0537251,-0.00588879,0.0528376,-0.00589536,0.0524337,-0.00593099,0.0495326,-0.00564548,0.0477982,-0.00512102,0.045633,-0.00401879,0.0437781,-0.00240115,0.0429863,-0.00139648,75,B05,1
0.122136,-0.0548723,0.100717,-0.0409963,0.0925569,-0.0330658,0.0853814,-0.0249283,0.0805956,-0.0194234,0.0787181,-0.0173616,0.0738435,-0.0124442,0.071575,-0.010353,0.069217,-0.00829121,0.0674523,-0.00686337,0.0667155,-0.00632954,0.0647435,-0.00514091,0.0637268,-0.00474058,0.0625055,-0.00449506,0.0613869,-0.00448757,0.0607983,-0.00452821,0.0605578,-0.00458804,0.0587768,-0.00499969,0.0575335,-0.00525716,0.0549762,-0.00577356,0.0538039,-0.0058838,0.0529126,-0.00594561,0.0524946,-0.00593663,0.0495688,-0.00565982,0.047809,-0.00516552,0.0456466,-0.00407899,0.0437671,-0.00243211,0.0429664,-0.00143485,80,B05,1
0.119317,-0.0522779,0.0986428,-0.0391633,0.0907725,-0.0315668,0.0839149,-0.0237391,0.0793913,-0.0184583,0.0776145,-0.0164869,0.0730319,-0.0117878,0.0708874,-0.00979987,0.068661,-0.00785411,0.0669887,-0.00651866,0.0663009,-0.00601023,0.0644351,-0.00491078,0.0634793,-0.00454087,0.0622965,-0.00432798,0.0612203,-0.00434939,0.0606638,-0.00439365,0.060439,-0.00444579,0.0586782,-0.00487262,0.0574534,-0.00521072,0.0549263,-0.00570293,0.0537709,-0.00583041,0.0528704,-0.00590548,0.052476,-0.00592056,0.0495557,-0.00564652,0.0477757,-0.00517478,0.0456096,-0.00408088,0.0437229,-0.00246629,0.0429035,-0.0014571,85,B05,1
0.116558,-0.0505324,0.0967377,-0.0376484,0.0892792,-0.0302329,0.0828123,-0.0226177,0.0785757,-0.0175007,0.0769116,-0.0156054,0.0726331,-0.0111126,0.0706483,-0.0092313,0.0685651,-0.00739786,0.0670039,-0.00615039,0.0663515,-0.00567563,0.0645788,-0.00466079,0.0636524,-0.00434973,0.0625522,-0.00419607,0.0614779,-0.00422431,0.0609667,-0.00435086,0.0607403,-0.00440912,0.059004,-0.00491194,0.0577295,-0.00523383,0.0551867,-0.00580722,0.0539778,-0.00594377,0.0530894,-0.00600196,0.0526839,-0.00601261,0.049705,-0.005761,0.0478875,-0.00527726,0.0456939,-0.00418553,0.0437611,-0.00255423,0.0429352,-0.00154961,90,B05,1
0.11362,-0.0513634,0.0945182,-0.0374489,0.0874461,-0.0297992,0.08139,-0.0220561,0.0774452,-0.0168987,0.0759118,-0.0150055,0.0719727,-0.010562,0.0701424,-0.00873142,0.0682276,-0.00697459,0.0667658,-0.00578736,0.0661618,-0.00534325,0.0645187,-0.00443103,0.0636487,-0.0041396,0.0625879,-0.00402893,0.0615735,-0.00410512,0.0610775,-0.00424726,0.0608449,-0.00430603,0.0590996,-0.0048701,0.0578441,-0.00521775,0.0553013,-0.00585371,0.0541119,-0.00598719,0.0531729,-0.00604234,0.0527769,-0.00604833,0.049734,-0.00581684,0.0479388,-0.00535723,0.0456926,-0.00425225,0.0437479,-0.00259437,0.0429131,-0.00159948,95,B05,1
0.323575,-0.617116,0.21629,-0.378494,0.173578,-0.284778,0.135756,-0.201537,0.11248,-0.13858,0.10438,-0.116506,0.0872987,-0.0669657,0.0811002,-0.0487222,0.075631,-0.0329389,0.0720556,-0.0233359,0.0706733,-0.0199686,0.0672557,-0.0127956,0.0656682,-0.0101908,0.0639794,-0.0080882,0.0625935,-0.00693536,0.0619431,-0.00662289,0.0616722,-0.00654459,0.0595772,-0.00640415,0.0581199,-0.00649771,0.0551749,-0.00675933,0.0538522,-0.00677356,0.0528647,-0.00679279,0.0523782,-0.00674408,0.0491963,-0.00634197,0.04731,-0.00575021,0.0449936,-0.00456025,0.0429906,-0.00286995,0.0421596,-0.00185841,100,B05,2
0.156065,-0.0750497,0.129153,-0.0567435,0.117665,-0.0469713,0.106687,-0.0368879,0.0988018,-0.0298335,0.0955655,-0.0270779,0.0871092,-0.0203229,0.0830791,-0.0173193,0.0788038,-0.0143015,0.0754619,-0.0121325,0.07405,-0.0112893,0.0701489,-0.00919124,0.0681438,-0.00824984,0.0659482,-0.00733073,0.0641543,-0.00670819,0.063352,-0.00649133,0.0630205,-0.00646102,0.0607173,-0.00638334,0.0591948,-0.00649361,0.0562313,-0.00661408,0.0549215,-0.00660626,0.0539578,-0.00654771,0.0534703,-0.00649378,0.0504259,-0.00593039,0.048675,-0.00529321,0.0465929,-0.00407803,0.044823,-0.0024222,0.044081,-0.00144926,10,B05,2
0.151821,-0.0711037,0.125874,-0.0540741,0.114837,-0.0447778,0.104356,-0.0351395,0.0968613,-0.0283744,0.0938076,-0.0257454,0.0857915,-0.0192835,0.0819869,-0.0164075,0.0779434,-0.0135169,0.0748304,-0.0114623,0.0734945,-0.0106551,0.0698333,-0.00871017,0.0679495,-0.00787158,0.0658289,-0.00704925,0.0640669,-0.00652078,0.0632968,-0.00638006,0.0629702,-0.00633881,0.0606685,-0.00627078,0.0591452,-0.00643776,0.0562378,-0.00659613,0.0549287,-0.00659524,0.053947,-0.00653818,0.053481,-0.00651545,0.0504039,-0.00598784,0.0486588,-0.00530592,0.0465401,-0.00411266,0.0447562,-0.00247815,0.0440099,-0.00147997,15,B05,2
0.147638,-0.0669691,0.122536,-0.0512139,0.111994,-0.0424307,0.102028,-0.0332584,0.0949401,-0.0268111,0.092059,-0.0243113,0.084514,-0.0181622,0.0809442,-0.0154343,0.0771603,-0.0126877,0.0742508,-0.0107499,0.0730243,-0.0100087,0.0696128,-0.00822503,0.0678486,-0.00747711,0.0658297,-0.00678974,0.0640981,-0.00634022,0.0633369,-0.00624987,0.0630173,-0.006198,0.0607334,-0.00622057,0.0592129,-0.00639669,0.0562629,-0.00659482,0.0549606,-0.00659803,0.0539597,-0.00656533,0.0535281,-0.00652194,0.0504408,-0.00600873,0.0486739,-0.00537219,0.0465254,-0.004188,0.0447084,-0.00253344,0.0439474,-0.00156347,20,B05,2
0.144324,-0.0642449,0.119986,-0.0493042,0.109785,-0.0408254,0.100193,-0.0319224,0.0934161,-0.0256905,0.0906664,-0.023274,0.0834825,-0.0173443,0.0800939,-0.0147185,0.076513,-0.0120844,0.0737604,-0.0102139,0.0725922,-0.00949426,0.0693818,-0.00782468,0.0677095,-0.00716265,0.0657615,-0.00653524,0.0640963,-0.00620046,0.0633235,-0.00606415,0.0630253,-0.00609408,0.060772,-0.0061595,0.0592389,-0.00633754,0.056309,-0.00657923,0.0549909,-0.00658093,0.0540092,-0.00655116,0.0535785,-0.00651161,0.05051,-0.0060065,0.0486767,-0.00540208,0.0465422,-0.00422141,0.0447059,-0.00256649,0.043937,-0.00158925,25,B05,2
0.141241,-0.0620403,0.117324,-0.0475959,0.10742,-0.039321,0.0982123,-0.03064,0.0917518,-0.024596,0.0891336,-0.0222502,0.0823117,-0.0165184,0.0791024,-0.0139806,0.0757196,-0.011447,0.0731408,-0.00966154,0.0720569,-0.00898369,0.0690533,-0.00741787,0.0674604,-0.00679499,0.0656103,-0.00626849,0.0640224,-0.00598613,0.0632655,-0.00590002,0.0629565,-0.00590546,0.0607002,-0.00606958,0.0592322,-0.00627809,0.0563268,-0.00651977,0.0550482,-0.00653636,0.054046,-0.00650929,0.0535979,-0.00648417,0.0505292,-0.00601256,0.0487264,-0.00540637,0.046561,-0.0042498,0.0447001,-0.00260014,0.0439267,-0.00161791,30,B05,2
0.138844,-0.0602085,0.115378,-0.0463091,0.105726,-0.0382457,0.0967885,-0.0297481,0.0905477,-0.0238108,0.0880351,-0.0215313,0.0814731,-0.0159379,0.0783923,-0.0134693,0.0751482,-0.0109932,0.0726756,-0.00926043,0.0716519,-0.00860868,0.0687892,-0.00711894,0.0672902,-0.00655045,0.0655091,-0.00607448,0.0639355,-0.00582174,0.0631997,-0.0057841,0.0628975,-0.00580068,0.0607007,-0.00601586,0.0592019,-0.00618766,0.0563302,-0.00646491,0.055049,-0.00650088,0.0540612,-0.00648928,0.0536193,-0.00647316,0.0505111,-0.00599439,0.0487429,-0.00539194,0.046598,-0.0042377,0.0447399,-0.00259741,0.0439522,-0.00162383,35,B05,2
0.136696,-0.0586796,0.1135,-0.0451636,0.104057,-0.0372304,0.0953666,-0.0288764,0.0893427,-0.0230637,0.0869135,-0.0208326,0.0806049,-0.0153609,0.0776503,-0.0129614,0.07455,-0.0105522,0.0721982,-0.00888065,0.0712203,-0.00824685,0.0685181,-0.00682231,0.0670706,-0.00627402,0.0653676,-0.00587744,0.0638621,-0.0056809,0.0631441,-0.005642,0.0628534,-0.00566149,0.060691,-0.0058646,0.0591954,-0.00614253,0.0563605,-0.00641991,0.0550403,-0.0064875,0.0540873,-0.00647358,0.0535989,-0.00643808,0.0505498,-0.00599198,0.0487799,-0.00538723,0.0466176,-0.0042249,0.0447721,-0.00260091,0.0439873,-0.00164538,40,B05,2
0.134636,-0.0572867,0.111903,-0.0442012,0.102683,-0.0364321,0.0942315,-0.0282108,0.0883938,-0.022486,0.0860484,-0.0202972,0.0799395,-0.0149342,0.0770813,-0.0125753,0.0740944,-0.0102213,0.0718279,-0.00857928,0.0708812,-0.00794902,0.0682913,-0.00658191,0.0669102,-0.00607889,0.0652787,-0.00572595,0.0637892,-0.00554366,0.0631209,-0.00558216,0.0628065,-0.00557464,0.0606613,-0.00583013,0.0592069,-0.00605593,0.0563515,-0.00637981,0.0550583,-0.00644137,0.0540934,-0.00642294,0.0536344,-0.00642678,0.0506151,-0.00596856,0.0487949,-0.00537894,0.0466334,-0.00421334,0.0447856,-0.00259782,0.0440043,-0.00162818,45,B05,2
0.132829,-0.0572352,0.110367,-0.0438877,0.101316,-0.036013,0.0930551,-0.0277358,0.0873901,-0.0220306,0.0851156,-0.0198468,0.0792096,-0.0145376,0.0764463,-0.0122091,0.0735643,-0.00989859,0.0713843,-0.00828381,0.070483,-0.00768183,0.0679947,-0.00632282,0.0666795,-0.0058717,0.0651081,-0.00553149,0.0636764,-0.00540814,0.0630141,-0.00543525,0.0627123,-0.00544251,0.0605947,-0.00572981,0.0591664,-0.00597767,0.05631,-0.0063332,0.0550527,-0.0063906,0.0541028,-0.00638502,0.0536442,-0.00638044,0.0505845,-0.00593554,0.048818,-0.00535283,0.0466605,-0.00422737,0.0448223,-0.00260099,0.0440203,-0.00163211,50,B05,2
0.132143,-0.0594424,0.109557,-0.0449716,0.100567,-0.0366855,0.0923839,-0.0280395,0.0868063,-0.0221296,0.0845737,-0.0198858,0.0787784,-0.0144433,0.0760822,-0.0120875,0.073267,-0.00975193,0.0711498,-0.00814223,0.0702643,-0.00752901,0.0678607,-0.00620106,0.0666021,-0.00576597,0.0650519,-0.00541303,0.0636524,-0.00531114,0.063003,-0.00535108,0.0627077,-0.00537505,0.0606151,-0.00570135,0.0591629,-0.00596367,0.0563451,-0.00632467,0.0550904,-0.00637287,0.0541376,-0.0063882,0.0536706,-0.00637155,0.0506663,-0.00591287,0.048848,-0.00536723,0.0466874,-0.00422632,0.044835,-0.00262486,0.0440593,-0.00164115,55,B05,2
0.161703,-0.081101,0.133373,-0.0607296,0.12121,-0.0501474,0.109562,-0.039389,0.101132,-0.0318626,0.0976667,-0.028922,0.0886388,-0.0217125,0.0843401,-0.0185136,0.0797451,-0.0153025,0.0761537,-0.0129899,0.0746227,-0.012069,0.0704197,-0.00974973,0.0683128,-0.00869889,0.0659888,-0.00757522,0.0641766,-0.00686513,0.0633811,-0.00664545,0.0630587,-0.00659418,0.0607316,-0.00643593,0.0592109,-0.00648159,0.0562477,-0.00664031,0.0549247,-0.00662543,0.0539494,-0.00654804,0.05351,-0.00653016,0.050476,-0.00591335,0.0487163,-0.00525016,0.0466542,-0.00402354,0.0449002,-0.00238099,0.0441631,-0.00138504,5,B05,2
0.133504,-0.0673117,0.109997,-0.0493124,0.1007,-0.039701,0.0923018,-0.0299509,0.0865878,-0.0233578,0.0843274,-0.0208745,0.0784645,-0.0149534,0.0757593,-0.0124201,0.0729375,-0.00993944,0.070824,-0.00823941,0.0699482,-0.0076066,0.0675492,-0.00619181,0.066313,-0.00571666,0.0648035,-0.00537637,0.0634333,-0.00527523,0.0627706,-0.00529938,0.0624617,-0.0052738,0.0604079,-0.00558644,0.0589951,-0.00587738,0.0562285,-0.00622109,0.0549915,-0.00628756,0.0540236,-0.00629187,0.0535917,-0.00626532,0.0505681,-0.0059022,0.0488274,-0.00532207,0.0466612,-0.00418331,0.0448006,-0.00260316,0.0440266,-0.00164144,60,B05,2
0.133093,-0.0646744,0.109358,-0.047277,0.100056,-0.0380105,0.0917545,-0.028729,0.0861539,-0.0224562,0.0839069,-0.020082,0.0781961,-0.0144394,0.0755452,-0.0120151,0.0727911,-0.00963355,0.0707399,-0.0080109,0.0698628,-0.00738174,0.0675386,-0.00605081,0.0663267,-0.00557976,0.0648513,-0.00526868,0.0634984,-0.00519496,0.0628629,-0.00523659,0.0625812,-0.00527054,0.0605298,-0.00553621,0.0591281,-0.00584943,0.0563458,-0.00623982,0.0550696,-0.00629743,0.0541008,-0.006314,0.0536731,-0.00629486,0.0506461,-0.00596617,0.0488552,-0.00538777,0.0466921,-0.00425205,0.0448072,-0.00264143,0.0440193,-0.00168101,65,B05,2
0.130474,-0.0612146,0.107532,-0.0452471,0.0986844,-0.0365009,0.090802,-0.0276288,0.0854643,-0.0216101,0.0833482,-0.0193454,0.077863,-0.0139145,0.0753196,-0.0115918,0.0726692,-0.00930132,0.0706806,-0.00772997,0.0698601,-0.00714608,0.0676032,-0.00584937,0.0664344,-0.00542635,0.0649984,-0.00513767,0.0636872,-0.00509741,0.0630544,-0.00515754,0.0627666,-0.00517938,0.0607189,-0.00556723,0.0593145,-0.00589917,0.0565282,-0.00629383,0.0552462,-0.00638684,0.0542744,-0.00639486,0.0537996,-0.00639133,0.0507684,-0.00599577,0.0489262,-0.00545349,0.0467203,-0.00434498,0.0448136,-0.00271638,0.0440176,-0.00173285,70,B05,2
0.12816,-0.0587134,0.105742,-0.043605,0.097139,-0.0351832,0.0895079,-0.026579,0.0843815,-0.0207603,0.0823597,-0.0185797,0.077105,-0.0133444,0.0746686,-0.0111086,0.0721337,-0.00891157,0.0702418,-0.00742266,0.0694394,-0.00683538,0.0672862,-0.00560856,0.0661759,-0.0052316,0.0647927,-0.00496188,0.0635543,-0.00497632,0.062908,-0.00500423,0.0626463,-0.00506146,0.0606366,-0.00547768,0.0592513,-0.00574595,0.0564775,-0.00625558,0.0552211,-0.00633355,0.0542454,-0.00636222,0.0537944,-0.00633885,0.0506996,-0.00599549,0.0489101,-0.00547463,0.0466914,-0.00433309,0.04479,-0.00273502,0.0439778,-0.0017594,75,B05,2
0.125279,-0.0560622,0.103581,-0.0417399,0.0953109,-0.0336442,0.0880294,-0.0253546,0.0831779,-0.0197689,0.0812649,-0.0176782,0.0763038,-0.0126813,0.0739917,-0.0105556,0.0715883,-0.00846702,0.0697892,-0.00704527,0.0690466,-0.00651458,0.0670161,-0.00535905,0.0659268,-0.0049837,0.0646408,-0.0047879,0.0634289,-0.00482219,0.0627989,-0.00486851,0.0625478,-0.00489948,0.0605919,-0.00537578,0.0592125,-0.00569748,0.0564366,-0.00620049,0.055202,-0.00630741,0.0542195,-0.00632153,0.053798,-0.0063137,0.0507422,-0.00600132,0.0488994,-0.00549157,0.0466792,-0.00435964,0.0447674,-0.00275668,0.0439174,-0.00177358,80,B05,2
0.122914,-0.0536418,0.101911,-0.0400936,0.0939463,-0.0323187,0.086988,-0.0243189,0.0823816,-0.0189291,0.0805688,-0.01691,0.0758628,-0.0121149,0.073676,-0.0100759,0.071393,-0.00809182,0.0696815,-0.00674334,0.0689595,-0.00622687,0.0670057,-0.00514664,0.0659828,-0.00481913,0.0647357,-0.00466782,0.0635482,-0.00471569,0.0629698,-0.00478846,0.0627001,-0.00484243,0.0607521,-0.00533811,0.0594088,-0.00569805,0.0566244,-0.00621761,0.0553275,-0.00635291,0.0543666,-0.00637921,0.0539345,-0.0063965,0.050844,-0.00607204,0.0490063,-0.00554263,0.0467349,-0.00442964,0.0447855,-0.00281316,0.0439513,-0.00185414,85,B05,2
0.120191,-0.0516252,0.0999821,-0.0384639,0.0923701,-0.0309045,0.0857805,-0.0231429,0.0814436,-0.0179356,0.0797415,-0.0159943,0.0753669,-0.0114007,0.0733321,-0.00948144,0.0712005,-0.00761454,0.0695951,-0.00635491,0.0689241,-0.00588126,0.0670807,-0.00489662,0.0660938,-0.00459372,0.0649088,-0.00449448,0.0637743,-0.00459855,0.0632062,-0.00472027,0.0629394,-0.00475802,0.0610313,-0.00532149,0.0596124,-0.00574912,0.0568376,-0.00629109,0.0555341,-0.0064195,0.0545697,-0.00646902,0.0540906,-0.00645103,0.050966,-0.00614534,0.0490872,-0.00562942,0.0467965,-0.00453282,0.0448076,-0.00290807,0.0439648,-0.00193261,90,B05,2
0.117168,-0.0516892,0.0977329,-0.0379046,0.0905386,-0.0302354,0.0843569,-0.0224282,0.0803201,-0.0172205,0.0787501,-0.0152985,0.0747211,-0.0107949,0.0728459,-0.00894074,0.0708865,-0.0071614,0.0693823,-0.00596981,0.0687691,-0.00554519,0.0670458,-0.00464619,0.0661285,-0.00439007,0.0650022,-0.00433433,0.0638945,-0.00449333,0.0633357,-0.00459053,0.0630805,-0.0046727,0.0611752,-0.0053085,0.0598034,-0.00571061,0.0569692,-0.00632765,0.0556681,-0.00647651,0.0546963,-0.00651761,0.0542323,-0.00654179,0.0510291,-0.00623692,0.0491538,-0.00570351,0.0468187,-0.00460591,0.0448169,-0.00298419,0.0439698,-0.00200809,95,B05,2
0.389055,-1.15855,0.236508,-0.682241,0.184705,-0.49871,0.143212,-0.326744,0.119385,-0.220188,0.111084,-0.187016,0.0934017,-0.103289,0.0864848,-0.0739357,0.079955,-0.0490838,0.0754125,-0.0341056,0.0736414,-0.0288291,0.0694398,-0.017406,0.0677056,-0.0132137,0.0660658,-0.00985314,0.0647785,-0.00814859,0.0641573,-0.00771349,0.0638718,-0.00758682,0.0616077,-0.0073816,0.0598808,-0.0075642,0.0565016,-0.00779399,0.0549705,-0.00779769,0.053783,-0.00777829,0.0532517,-0.0077159,0.0496014,-0.00703668,0.0475742,-0.00626379,0.0451824,-0.00489288,0.0431656,-0.00308284,0.0423119,-0.00201182,100,B06,1
0.165985,-0.0761052,0.138514,-0.0576692,0.126769,-0.0479378,0.115404,-0.037989,0.107107,-0.0309722,0.103675,-0.0282005,0.0947093,-0.0213551,0.0904328,-0.0182846,0.0858668,-0.0152044,0.082297,-0.0130166,0.0807649,-0.0121834,0.0764836,-0.0100936,0.0742723,-0.00918044,0.0717733,-0.00826273,0.0696988,-0.00763946,0.0688012,-0.00751131,0.0684148,-0.00747497,0.0656845,-0.00754578,0.0638197,-0.00774585,0.0602523,-0.00796142,0.0586567,-0.0079182,0.0574589,-0.00784167,0.0569096,-0.00780101,0.0532806,-0.0069776,0.0513049,-0.00613896,0.0490149,-0.00475932,0.0471402,-0.00300565,0.0463398,-0.00201276,10,B06,1
0.161199,-0.073291,0.134849,-0.0554854,0.123621,-0.0460453,0.112795,-0.036354,0.104931,-0.029548,0.101687,-0.0268752,0.0932029,-0.0202672,0.0891774,-0.0173212,0.0848807,-0.0143697,0.0815388,-0.0122762,0.0801021,-0.011462,0.0761244,-0.00956049,0.0740294,-0.00872856,0.0716223,-0.00792693,0.0696361,-0.00747079,0.0687396,-0.00733831,0.0683451,-0.0073224,0.0656306,-0.00745779,0.0637901,-0.00763572,0.0602374,-0.00791021,0.0586354,-0.0079147,0.0574546,-0.00783257,0.0568964,-0.00778704,0.0532822,-0.00699956,0.0512561,-0.00618047,0.0489712,-0.00479621,0.0470722,-0.00304545,0.0462568,-0.00206285,15,B06,1
0.156262,-0.0689575,0.130933,-0.0524571,0.120263,-0.0435441,0.11001,-0.0343218,0.102612,-0.0278486,0.0995695,-0.0253161,0.0916125,-0.0190374,0.0878412,-0.016235,0.083838,-0.0134225,0.0807531,-0.0114597,0.0794321,-0.0106983,0.0757566,-0.00894576,0.0738035,-0.00822726,0.0715352,-0.00758821,0.0695964,-0.00725464,0.0687076,-0.00715965,0.0683273,-0.00716113,0.065626,-0.00732886,0.0637794,-0.00760472,0.0602441,-0.00789001,0.058652,-0.00788999,0.0574354,-0.00784148,0.0568874,-0.0077865,0.0532259,-0.00703207,0.0512476,-0.00623338,0.0489339,-0.00486317,0.0469998,-0.00308359,0.0461923,-0.00210839,20,B06,1
0.152693,-0.0658576,0.12813,-0.0503266,0.117827,-0.0417739,0.107982,-0.0328632,0.100922,-0.026634,0.0980271,-0.0241861,0.0904541,-0.0181432,0.0868728,-0.0154428,0.083084,-0.0127383,0.0801676,-0.010847,0.0789403,-0.0101424,0.0754991,-0.00850516,0.0736615,-0.00788132,0.0714869,-0.00732537,0.069583,-0.00706348,0.0687208,-0.00700313,0.068328,-0.00700683,0.0656665,-0.00729139,0.0638171,-0.00756112,0.0603091,-0.00785418,0.0586962,-0.00790426,0.0575007,-0.00783113,0.0569661,-0.00776885,0.0533241,-0.0070724,0.0512754,-0.00627169,0.0489367,-0.00488629,0.0469854,-0.00315489,0.0461516,-0.00214645,25,B06,1
0.148999,-0.0633623,0.124959,-0.0483732,0.115018,-0.0400664,0.105618,-0.0314295,0.0989094,-0.0253784,0.0961788,-0.0230208,0.0890207,-0.017194,0.0856474,-0.014602,0.0820905,-0.0120047,0.0793725,-0.0102078,0.0782234,-0.00952398,0.0750159,-0.00799315,0.0733009,-0.00742959,0.0712333,-0.00697882,0.0694586,-0.00681392,0.0685978,-0.00680866,0.0682129,-0.00682095,0.0655833,-0.00714196,0.0637968,-0.0074065,0.0602621,-0.00779196,0.0587037,-0.00781412,0.0574924,-0.00778438,0.0569279,-0.00774686,0.053304,-0.00705132,0.0513,-0.00625172,0.0489368,-0.0049084,0.0469605,-0.00318086,0.0461332,-0.00218334,30,B06,1
0.145932,-0.0613917,0.12247,-0.0469415,0.112843,-0.038847,0.103782,-0.0303734,0.0973493,-0.0244592,0.094733,-0.0221659,0.0878913,-0.0164906,0.0846767,-0.0139846,0.0812937,-0.011466,0.0787156,-0.00971528,0.0776294,-0.00906525,0.0746013,-0.00761088,0.0729944,-0.00712666,0.0710249,-0.00672832,0.0692878,-0.00660265,0.0684563,-0.00660823,0.0680943,-0.00664351,0.0655027,-0.00703441,0.0637108,-0.00731054,0.06024,-0.00772694,0.0586611,-0.00776109,0.0574817,-0.00772291,0.056939,-0.00769597,0.0533323,-0.00699872,0.051298,-0.00625117,0.048941,-0.00491373,0.0469713,-0.00317886,0.0461492,-0.00217346,35,B06,1
0.143108,-0.0596482,0.120051,-0.0456169,0.110667,-0.0376489,0.101903,-0.0293359,0.0957471,-0.0235522,0.0932485,-0.0213139,0.0867225,-0.0158039,0.0836617,-0.0133614,0.080452,-0.0109223,0.0780191,-0.00924059,0.0769943,-0.00860827,0.0741619,-0.00724508,0.0726377,-0.00677036,0.0707799,-0.0064509,0.0691021,-0.00638223,0.0682881,-0.00642636,0.0679455,-0.00645343,0.0653806,-0.00687221,0.063667,-0.00718125,0.0602036,-0.00764735,0.0586591,-0.00768414,0.0574642,-0.00764803,0.0569198,-0.00763378,0.0533183,-0.00696883,0.0512994,-0.00621181,0.0489502,-0.00487553,0.0469664,-0.00317287,0.0461439,-0.00216108,40,B06,1
0.140705,-0.0579522,0.118082,-0.0444522,0.108924,-0.0366555,0.100429,-0.0285096,0.0944762,-0.0228276,0.0920745,-0.0206439,0.0857983,-0.0152504,0.082861,-0.0128774,0.0797927,-0.0105035,0.0774593,-0.00886661,0.0764897,-0.00825747,0.073783,-0.006923,0.0723438,-0.00650484,0.0705576,-0.00622239,0.0689582,-0.00622665,0.0681524,-0.00627032,0.0678114,-0.0062833,0.0653176,-0.00677128,0.0635921,-0.00709301,0.0601609,-0.00755039,0.0586232,-0.00762892,0.0574642,-0.00758844,0.0569267,-0.00757076,0.0533538,-0.0069007,0.0513242,-0.00618616,0.0489692,-0.00487889,0.0470085,-0.00316444,0.0461551,-0.00215375,45,B06,1
0.138557,-0.0571193,0.116243,-0.0436564,0.107293,-0.0359011,0.0990103,-0.0277819,0.0932628,-0.0221768,0.0909512,-0.0200157,0.0849219,-0.014735,0.082107,-0.0124045,0.0791661,-0.0100928,0.0769381,-0.00849347,0.076016,-0.0079047,0.0734503,-0.00664288,0.0720855,-0.00624498,0.070388,-0.00602207,0.0688309,-0.00599736,0.068057,-0.00611894,0.0677322,-0.00615865,0.0652694,-0.00663795,0.0635443,-0.00703908,0.0601736,-0.00749415,0.0586388,-0.00756198,0.0574622,-0.00755183,0.0569294,-0.00751269,0.053378,-0.00690254,0.0513432,-0.00619038,0.0490011,-0.0048619,0.0470362,-0.00316217,0.04621,-0.00215999,50,B06,1
0.137225,-0.0576325,0.115283,-0.0438287,0.106498,-0.0359151,0.0984001,-0.027665,0.09278,-0.0219812,0.0905198,-0.0198056,0.0846372,-0.0144902,0.0818961,-0.0121707,0.0790451,-0.00987965,0.0768867,-0.008295,0.0759952,-0.00771878,0.0735059,-0.00649178,0.0721854,-0.00610495,0.0705435,-0.00589814,0.069013,-0.00595737,0.0682634,-0.0060594,0.0679129,-0.00610638,0.065449,-0.00664223,0.0637282,-0.00708826,0.0603095,-0.00754941,0.058774,-0.00762679,0.0576069,-0.00759774,0.057055,-0.00758492,0.0534418,-0.00692097,0.0514465,-0.00621973,0.0490679,-0.00490308,0.0470996,-0.00319143,0.0462552,-0.00220957,55,B06,1
0.172752,-0.0854277,0.143414,-0.0634119,0.130836,-0.052376,0.118662,-0.041313,0.109733,-0.0335622,0.106037,-0.0304979,0.0964231,-0.0230203,0.0918492,-0.019696,0.0869338,-0.0163744,0.0830672,-0.0140176,0.0814044,-0.0130969,0.0767594,-0.0107594,0.0744067,-0.00968256,0.0717676,-0.0085288,0.0696965,-0.00782299,0.0688009,-0.00767615,0.0684006,-0.00759933,0.065657,-0.00758616,0.0638095,-0.00777557,0.0602382,-0.00798628,0.0586307,-0.00793547,0.0574478,-0.00783474,0.0568845,-0.00776394,0.0532777,-0.00695277,0.051323,-0.00610786,0.0490806,-0.00468625,0.0472281,-0.00295353,0.0464333,-0.00195171,5,B06,1
0.138268,-0.0632801,0.115567,-0.0469162,0.106631,-0.0380307,0.098415,-0.0289355,0.0927774,-0.0227383,0.0905113,-0.0203873,0.0846653,-0.0147272,0.0819514,-0.0122808,0.0791336,-0.00990189,0.0770189,-0.00828108,0.0761291,-0.00767455,0.0737058,-0.00642511,0.0724159,-0.00604301,0.0707986,-0.00586685,0.0692663,-0.00592994,0.0685364,-0.00606396,0.0681904,-0.00610755,0.0656982,-0.00668828,0.0639692,-0.0070713,0.0605209,-0.00762609,0.0589436,-0.00771291,0.0577591,-0.00769786,0.0572154,-0.00764494,0.053576,-0.00703056,0.0515507,-0.0062977,0.0491512,-0.00496159,0.0471682,-0.0032404,0.046324,-0.00224554,60,B06,1
0.138428,-0.0680516,0.115179,-0.0491638,0.106105,-0.0394593,0.0978511,-0.0297685,0.0921861,-0.0232454,0.0899391,-0.0207833,0.0841057,-0.0148913,0.0814161,-0.0123739,0.0786184,-0.00993687,0.0765201,-0.00826969,0.0756372,-0.00764805,0.0732496,-0.00634946,0.071973,-0.00595557,0.0704187,-0.00577267,0.068914,-0.00580842,0.0681928,-0.00593478,0.0678593,-0.00597955,0.0654265,-0.00656086,0.0637355,-0.00697532,0.0603401,-0.00748343,0.0588087,-0.00755494,0.0576356,-0.00756539,0.0570879,-0.0075488,0.0535095,-0.00695045,0.0514724,-0.00622937,0.0490876,-0.00493128,0.0471038,-0.00322296,0.046237,-0.00223643,65,B06,1
0.133317,-0.0620037,0.110972,-0.0454069,0.10241,-0.0365652,0.0946816,-0.0276349,0.0894291,-0.0215774,0.0873673,-0.0193018,0.0819588,-0.0138459,0.0794514,-0.0115175,0.0768477,-0.009247,0.0748842,-0.00769738,0.0740867,-0.00713698,0.071855,-0.00591611,0.0706767,-0.00553587,0.0692349,-0.00535815,0.0678566,-0.00544205,0.0671419,-0.00555076,0.0668653,-0.0056203,0.0645897,-0.00617112,0.0629902,-0.00660877,0.0598046,-0.00711939,0.0583096,-0.00723241,0.0571909,-0.00724189,0.0566977,-0.00723474,0.0532183,-0.00674408,0.0512381,-0.0060559,0.0488913,-0.00478639,0.0469084,-0.00313754,0.0460913,-0.00214851,70,B06,1
0.131897,-0.0595378,0.109596,-0.0437417,0.100998,-0.0351726,0.0933707,-0.0265009,0.0882407,-0.0206568,0.0862124,-0.018446,0.0810371,-0.0132045,0.0786403,-0.0109864,0.0761495,-0.00881653,0.0742755,-0.00733501,0.0735057,-0.00679975,0.0713783,-0.0056491,0.0702627,-0.00530185,0.0688897,-0.00516351,0.0675618,-0.00525777,0.0669139,-0.00538525,0.0666218,-0.00545769,0.0643837,-0.00602644,0.0628379,-0.00648454,0.0596835,-0.00700881,0.0582287,-0.00715529,0.0571227,-0.00718623,0.0566298,-0.0071555,0.0531405,-0.00667675,0.0511851,-0.00601828,0.0488365,-0.004792,0.0468475,-0.0031239,0.0460175,-0.00213635,75,B06,1
0.12959,-0.0571804,0.10803,-0.042181,0.0998516,-0.0339335,0.0925897,-0.0255444,0.0877358,-0.019883,0.0858194,-0.0177514,0.0808867,-0.012696,0.078606,-0.0105489,0.0762321,-0.00846788,0.0744423,-0.00706859,0.0736884,-0.00654109,0.0716552,-0.00545193,0.0705717,-0.00515019,0.0692351,-0.00502967,0.067965,-0.00522746,0.0672965,-0.0053507,0.0669994,-0.00541347,0.0647796,-0.00609497,0.0631751,-0.00653297,0.0599911,-0.00716357,0.058485,-0.00728895,0.0573586,-0.00732602,0.0568385,-0.00730649,0.0533065,-0.00683694,0.0513114,-0.00614732,0.0489104,-0.00490888,0.0469056,-0.00321422,0.0460442,-0.00221907,80,B06,1
0.126222,-0.0540626,0.105523,-0.0401621,0.0976953,-0.0323449,0.0908057,-0.0243032,0.0862336,-0.0188569,0.084429,-0.0168186,0.0798201,-0.0119936,0.0776797,-0.00996898,0.0754467,-0.00799589,0.0737629,-0.00666875,0.0730717,-0.0061848,0.0711413,-0.00515954,0.07013,-0.00490004,0.068867,-0.00482619,0.0676224,-0.00497725,0.066996,-0.00514366,0.0667276,-0.00524882,0.0645804,-0.00593056,0.0630068,-0.00638232,0.0598737,-0.00704957,0.0583869,-0.00721716,0.0572652,-0.00723016,0.0567529,-0.00723513,0.0532766,-0.0067681,0.0512467,-0.0061313,0.0488554,-0.00491379,0.046849,-0.00322889,0.0459752,-0.00223086,85,B06,1
0.125585,-0.0544562,0.105092,-0.0397099,0.0974179,-0.0317201,0.0907239,-0.023657,0.0862938,-0.0182578,0.0845615,-0.0162409,0.0801579,-0.0115152,0.078122,-0.0095453,0.0759955,-0.0076647,0.0743925,-0.00641194,0.0737202,-0.00595236,0.0718717,-0.00501991,0.0708845,-0.0047742,0.069648,-0.00478222,0.0684376,-0.00502025,0.0677891,-0.00520838,0.0675177,-0.00529315,0.065299,-0.006145,0.0636855,-0.0065994,0.0603732,-0.00732861,0.0588636,-0.00744894,0.0577008,-0.00749705,0.0571516,-0.00751134,0.0535363,-0.00700863,0.0514615,-0.00635144,0.0489949,-0.00507947,0.0469527,-0.00337838,0.0460549,-0.00235391,90,B06,1
0.122076,-0.0525228,0.102802,-0.0384412,0.0956951,-0.0307103,0.0894952,-0.0228416,0.0853891,-0.0175623,0.0838136,-0.0155985,0.0797123,-0.010994,0.0778139,-0.0090942,0.075839,-0.0073064,0.0743179,-0.00610368,0.0736934,-0.00569108,0.0719322,-0.00482696,0.0709903,-0.00463137,0.0697939,-0.00467977,0.0686128,-0.00494092,0.0679874,-0.00516664,0.0676974,-0.00522404,0.0655119,-0.00609938,0.0638687,-0.00662626,0.0605557,-0.00737835,0.0589913,-0.00753493,0.0578112,-0.00758852,0.0572442,-0.00756748,0.053641,-0.00709848,0.0514887,-0.0064204,0.0490408,-0.00514032,0.0469301,-0.0034381,0.0460472,-0.00242554,95,B06,1
0.130516,-0.107408,0.110592,-0.0658691,0.102861,-0.0499548,0.0954391,-0.0357449,0.0901261,-0.0268349,0.0879698,-0.0236101,0.0823123,-0.0160926,0.0797106,-0.0130136,0.0770508,-0.0101018,0.0751005,-0.00815259,0.0742979,-0.00743997,0.072175,-0.00590358,0.0710845,-0.00542137,0.0697577,-0.00520594,0.0685054,-0.00532672,0.0678492,-0.00543021,0.0675683,-0.00552638,0.0653322,-0.00621714,0.0637331,-0.00668426,0.0604326,-0.00732497,0.0589221,-0.00748633,0.0577547,-0.00753234,0.0572426,-0.00751107,0.0535987,-0.00707093,0.0515398,-0.00642255,0.0490742,-0.00523967,0.0469898,-0.00358666,0.0460889,-0.00262545,100,B06,2
0.162918,-0.0744949,0.136069,-0.0564144,0.124616,-0.046841,0.113576,-0.037026,0.105545,-0.0301351,0.10221,-0.0274222,0.093538,-0.020767,0.0893939,-0.0178004,0.0849414,-0.0148192,0.0814613,-0.0127218,0.0799557,-0.0118838,0.0757656,-0.00988615,0.0735748,-0.00899006,0.0710928,-0.00806262,0.0690897,-0.00746518,0.0681798,-0.0072931,0.0678092,-0.00724512,0.0651756,-0.00720718,0.0633637,-0.00746136,0.059981,-0.00764927,0.0584742,-0.00760779,0.0573076,-0.00756595,0.0567896,-0.00750304,0.0532819,-0.00678017,0.0513853,-0.00601572,0.0491494,-0.00472446,0.0472944,-0.00307182,0.0465202,-0.00214924,10,B06,2
0.158034,-0.0720069,0.132243,-0.0543728,0.121314,-0.0450285,0.110809,-0.0354319,0.103227,-0.0287289,0.100103,-0.026107,0.09193,-0.0196657,0.0880327,-0.0168155,0.0838713,-0.0139498,0.080623,-0.0119484,0.0792303,-0.0111633,0.0753401,-0.00931436,0.0732909,-0.00851548,0.0709431,-0.00776926,0.0689621,-0.00726767,0.0680791,-0.00711155,0.067704,-0.00708001,0.0650962,-0.00716071,0.0633537,-0.00729431,0.0599558,-0.00759174,0.0584519,-0.0075738,0.0572864,-0.00751713,0.0567687,-0.00747804,0.053316,-0.00680353,0.0513452,-0.00603839,0.0491295,-0.00475313,0.0472245,-0.00312842,0.0464391,-0.00217055,15,B06,2
0.153208,-0.0677357,0.128398,-0.0514458,0.117952,-0.0425958,0.107989,-0.0334584,0.100859,-0.0270642,0.0979365,-0.0245748,0.0902761,-0.0184396,0.0866395,-0.0157243,0.082772,-0.0129993,0.0797714,-0.0110944,0.0784971,-0.0103715,0.0749369,-0.00869644,0.0730452,-0.00803323,0.0708172,-0.00740504,0.0689177,-0.00701171,0.0680395,-0.00694331,0.0676692,-0.00691971,0.0650844,-0.00703443,0.0633372,-0.00727774,0.0599541,-0.00754392,0.0584392,-0.00757095,0.057311,-0.00752302,0.056783,-0.00748285,0.0532773,-0.00679871,0.0513202,-0.00608725,0.0490628,-0.00480657,0.0471634,-0.00315575,0.0463519,-0.00222327,20,B06,2
0.149535,-0.0644811,0.125504,-0.0492532,0.115451,-0.040818,0.105908,-0.0319965,0.0991031,-0.0258349,0.0963291,-0.023434,0.0890624,-0.0175386,0.08562,-0.0149238,0.0819701,-0.0123088,0.0791589,-0.0104929,0.0779579,-0.00979805,0.0746174,-0.00822117,0.0728524,-0.00763537,0.0707236,-0.00709964,0.0688772,-0.00682674,0.0680376,-0.00677183,0.0676846,-0.00679394,0.0650874,-0.006988,0.0633593,-0.00718085,0.0599896,-0.00753158,0.0584694,-0.00755551,0.0573417,-0.00749426,0.0568393,-0.00746901,0.0533119,-0.00684077,0.051372,-0.0061224,0.0490531,-0.00484878,0.0471444,-0.00321283,0.0463232,-0.00227916,25,B06,2
0.145821,-0.0619652,0.12233,-0.0473557,0.112603,-0.0391425,0.103465,-0.030573,0.0970043,-0.0245812,0.0943835,-0.0222596,0.0875427,-0.0165786,0.084313,-0.0140632,0.0809039,-0.0115724,0.0782786,-0.00982255,0.0771826,-0.00918008,0.0741019,-0.00772368,0.0724386,-0.00717244,0.070455,-0.00675359,0.0686819,-0.00653275,0.0678699,-0.0065252,0.0674992,-0.00655592,0.0649735,-0.00684412,0.0632765,-0.00705617,0.0599619,-0.00741188,0.0584505,-0.00746661,0.0573376,-0.00745978,0.0567835,-0.00742554,0.0533205,-0.00680651,0.0513534,-0.00610393,0.0490469,-0.00484743,0.0471078,-0.0032363,0.0463204,-0.00229163,30,B06,2
0.142923,-0.0600836,0.119921,-0.0460025,0.110463,-0.0379864,0.101641,-0.0295791,0.0954391,-0.0237061,0.0929383,-0.0214414,0.0864214,-0.0158877,0.0833476,-0.013453,0.080111,-0.0110315,0.0776377,-0.00935373,0.0765854,-0.00870873,0.0736847,-0.0073209,0.0721395,-0.00686134,0.0702569,-0.00649521,0.0685386,-0.00634881,0.0677428,-0.00636541,0.0674023,-0.00641587,0.0649031,-0.00667572,0.0632088,-0.00696106,0.059923,-0.00736528,0.0584434,-0.00739492,0.0573194,-0.00738317,0.0568111,-0.00737476,0.0533336,-0.006747,0.0513848,-0.00608071,0.0490768,-0.0048585,0.0471346,-0.00324236,0.0462991,-0.00230407,35,B06,2
0.140264,-0.0586131,0.117557,-0.0448708,0.108312,-0.0369672,0.0997489,-0.0286589,0.0938215,-0.0228789,0.0914261,-0.0206567,0.0852169,-0.0152297,0.0822907,-0.0128542,0.0792283,-0.0104972,0.0769038,-0.00887379,0.075924,-0.00826772,0.0732029,-0.00693341,0.0717593,-0.00651177,0.0699744,-0.0062123,0.0683246,-0.0061188,0.0675665,-0.00616685,0.0672283,-0.0061596,0.0647883,-0.00652765,0.0631601,-0.00684138,0.0598789,-0.00726074,0.0583994,-0.00732869,0.0572933,-0.00731566,0.0567957,-0.00730766,0.0533177,-0.00673004,0.0513874,-0.00604894,0.04909,-0.00483372,0.0471235,-0.00322186,0.0463387,-0.00228467,40,B06,2
0.138855,-0.0590498,0.116126,-0.0447455,0.106995,-0.0366554,0.0986138,-0.0282633,0.092822,-0.0224621,0.090499,-0.0202436,0.084472,-0.0148469,0.0816486,-0.0124877,0.0786988,-0.0101635,0.0764722,-0.00857676,0.0755305,-0.0079705,0.0729385,-0.00669711,0.0715441,-0.00627185,0.0698338,-0.00599957,0.068273,-0.00597517,0.0675111,-0.00600715,0.0671903,-0.00606173,0.0647721,-0.00649276,0.063134,-0.00677174,0.0598954,-0.0072304,0.0584112,-0.00730414,0.0573088,-0.00727206,0.0567838,-0.00728226,0.0533546,-0.00672136,0.0514158,-0.00605267,0.0491293,-0.00483909,0.0471827,-0.0032258,0.0463698,-0.00229592,45,B06,2
0.136489,-0.0577704,0.114255,-0.0437144,0.105363,-0.0357391,0.0972344,-0.0275002,0.0916483,-0.0218043,0.0894109,-0.0196403,0.0836001,-0.014363,0.0808787,-0.0120746,0.078041,-0.00980948,0.0759018,-0.00824796,0.0749936,-0.00766427,0.0725221,-0.00642429,0.0712015,-0.00602731,0.0695767,-0.00580826,0.068059,-0.00582504,0.0673074,-0.00586094,0.0669878,-0.00590738,0.0646389,-0.00630846,0.0630155,-0.00666818,0.0598189,-0.00712644,0.0583697,-0.00720882,0.0572849,-0.00718117,0.0567528,-0.00720288,0.05336,-0.00666709,0.051417,-0.00599621,0.0491299,-0.00481015,0.047197,-0.00319462,0.0463651,-0.0022771,50,B06,2
0.133665,-0.0555119,0.112157,-0.0424124,0.10355,-0.0347649,0.0956922,-0.0267228,0.0903017,-0.0211563,0.0881493,-0.01904,0.082569,-0.0138909,0.0799522,-0.0116563,0.0772375,-0.00946096,0.0751705,-0.00792729,0.0743134,-0.00737136,0.0719491,-0.00617493,0.0707,-0.00579591,0.0691421,-0.00559756,0.0676758,-0.00558305,0.0669822,-0.00569415,0.0666615,-0.00573236,0.0643741,-0.00618724,0.0627791,-0.00651041,0.0596627,-0.00698779,0.0582277,-0.00707344,0.0571431,-0.0070795,0.056654,-0.00706719,0.0533145,-0.00658915,0.0513582,-0.00593177,0.0491095,-0.00475319,0.0471527,-0.00317803,0.046361,-0.00224163,55,B06,2
0.170046,-0.0854825,0.14127,-0.0630468,0.128945,-0.0518738,0.117051,-0.0407543,0.108362,-0.0330182,0.104772,-0.0299829,0.0954029,-0.0225997,0.0909216,-0.0193357,0.0861201,-0.0161094,0.0823098,-0.0137933,0.0806745,-0.0128855,0.0760977,-0.0106179,0.0737469,-0.00953662,0.071154,-0.00841499,0.0690912,-0.00768675,0.0682014,-0.0074531,0.0678149,-0.00739551,0.0651917,-0.00735909,0.0634381,-0.00743528,0.0600059,-0.00765056,0.0584862,-0.00762722,0.0573294,-0.0075462,0.0568062,-0.00750732,0.0533394,-0.00676405,0.0514246,-0.00597373,0.0492185,-0.00467202,0.0473711,-0.00302155,0.0466102,-0.00210602,5,B06,2
0.132157,-0.0582395,0.110478,-0.0436258,0.101899,-0.0354211,0.09413,-0.0269191,0.0888633,-0.0211115,0.0867812,-0.01892,0.08138,-0.0136573,0.0788847,-0.0114088,0.0762558,-0.00919704,0.0742723,-0.00768101,0.0734486,-0.00711395,0.0712053,-0.00589395,0.0700161,-0.00554186,0.0685357,-0.00532322,0.0671663,-0.00537891,0.0664654,-0.00542397,0.0661806,-0.00549114,0.0639877,-0.00595086,0.0624375,-0.00628799,0.0594008,-0.00683838,0.0580238,-0.00690006,0.0569673,-0.00692607,0.0564807,-0.00687525,0.053216,-0.00644057,0.0512983,-0.00584645,0.0490302,-0.00467008,0.0471092,-0.00311884,0.0462971,-0.00220336,60,B06,2
0.133363,-0.0648033,0.110953,-0.0473214,0.102165,-0.0380368,0.0942015,-0.0285977,0.0888156,-0.0222176,0.0867031,-0.0198251,0.0812223,-0.0141327,0.0786919,-0.0117209,0.0760545,-0.00938266,0.0740765,-0.0077924,0.0732542,-0.00719996,0.0710198,-0.00592433,0.0698426,-0.0055227,0.0683883,-0.00530022,0.0670304,-0.00532215,0.066365,-0.00542021,0.06606,-0.0054595,0.0638897,-0.00591834,0.0623945,-0.00626177,0.0593556,-0.00673678,0.0579836,-0.00685029,0.0569494,-0.00687275,0.0564633,-0.00685414,0.0531779,-0.00641089,0.0513006,-0.00581451,0.0490441,-0.00467022,0.0471265,-0.00312646,0.046287,-0.00222467,65,B06,2
0.131907,-0.0619718,0.109425,-0.0451681,0.100723,-0.0362472,0.0929692,-0.0272723,0.0877662,-0.0212129,0.0857129,-0.0189319,0.0804471,-0.013532,0.0780044,-0.0112498,0.0754641,-0.00902199,0.07354,-0.00749442,0.0727443,-0.00692746,0.0705917,-0.00571111,0.0694354,-0.0052932,0.0680592,-0.00511402,0.06675,-0.0051777,0.066096,-0.00524182,0.0658355,-0.00529048,0.0637019,-0.00577806,0.0622199,-0.00612257,0.0592541,-0.00665692,0.0579135,-0.00676959,0.0568743,-0.0067793,0.0563923,-0.00678091,0.053147,-0.00637328,0.0512696,-0.00578509,0.048986,-0.0046565,0.0470555,-0.00312287,0.04623,-0.00219748,70,B06,2
0.130286,-0.0590632,0.108184,-0.0434387,0.0996673,-0.0349182,0.0921355,-0.0262761,0.0871213,-0.0204441,0.0851365,-0.0182482,0.0800668,-0.0130409,0.0777089,-0.0108418,0.0752528,-0.00869278,0.073413,-0.00723868,0.0726492,-0.00669173,0.070558,-0.00551612,0.0694676,-0.00516347,0.0681248,-0.00498661,0.0668508,-0.00507495,0.0662169,-0.00516795,0.0659294,-0.00522043,0.0638147,-0.00577089,0.0623495,-0.00617262,0.0593821,-0.00666877,0.0580392,-0.00678578,0.0569613,-0.00683306,0.0565082,-0.00683246,0.0531799,-0.00643773,0.0512955,-0.00584815,0.049029,-0.00471522,0.0470692,-0.00318454,0.0462632,-0.00224497,75,B06,2
0.128233,-0.0566503,0.106696,-0.041821,0.0984832,-0.0336229,0.0912453,-0.025269,0.0864499,-0.0196278,0.0845639,-0.0175109,0.0797158,-0.0124991,0.0774734,-0.0103858,0.0751275,-0.00833918,0.073371,-0.00694324,0.0726289,-0.00642148,0.0706338,-0.00532095,0.0695734,-0.00498559,0.068274,-0.0048459,0.0670413,-0.00495532,0.0664341,-0.00508835,0.0661261,-0.00513577,0.0640529,-0.00569893,0.0625995,-0.00615961,0.059567,-0.00673648,0.0581961,-0.00685497,0.0571393,-0.00689498,0.056655,-0.00690321,0.0533007,-0.00650642,0.0513867,-0.00593573,0.0490994,-0.00479847,0.0471246,-0.00323507,0.0462949,-0.00232613,80,B06,2
0.125997,-0.0540106,0.105027,-0.0400905,0.0970623,-0.0322318,0.0900874,-0.0241883,0.0854886,-0.0187543,0.0836957,-0.016716,0.0790932,-0.0119151,0.0769596,-0.00990284,0.0747353,-0.00795742,0.0730506,-0.0066234,0.0723491,-0.00613351,0.0704361,-0.00509567,0.0694459,-0.00479751,0.0682031,-0.00469487,0.0670093,-0.00481974,0.066411,-0.00496573,0.0661569,-0.0050395,0.0640688,-0.00566737,0.0626003,-0.00610357,0.0596179,-0.00671558,0.0582518,-0.00685532,0.0571955,-0.00688707,0.0567106,-0.00688875,0.0533763,-0.00652286,0.0514276,-0.00596194,0.049103,-0.0048258,0.0471082,-0.00327136,0.0462584,-0.0023528,85,B06,2
0.124886,-0.0522391,0.104373,-0.038686,0.0966063,-0.0310372,0.0898791,-0.0232366,0.0854779,-0.0179699,0.0837402,-0.0159949,0.0793672,-0.0113716,0.077348,-0.00944367,0.0752337,-0.00759537,0.073628,-0.00635589,0.0729471,-0.00587578,0.0711299,-0.00495884,0.0701525,-0.00469489,0.0689459,-0.00463204,0.0677591,-0.00483629,0.0671679,-0.00498999,0.0668904,-0.00506087,0.0648164,-0.00579823,0.0632864,-0.00627532,0.0601664,-0.00692308,0.0587201,-0.00711916,0.0576332,-0.00715881,0.0571354,-0.00714291,0.053637,-0.0067471,0.0516724,-0.0061727,0.0492845,-0.00501183,0.0472553,-0.00341032,0.0463977,-0.0024831,90,B06,2
0.122807,-0.051319,0.103295,-0.0378455,0.0959879,-0.0302941,0.0896515,-0.0225646,0.0855005,-0.0173711,0.0838878,-0.0154391,0.0797798,-0.010903,0.0778839,-0.00904586,0.0758881,-0.00727146,0.0743726,-0.00608974,0.0737309,-0.00566685,0.0719723,-0.0048042,0.0710334,-0.00461213,0.0698552,-0.00462189,0.068665,-0.00486978,0.0680481,-0.00508039,0.0677855,-0.00515792,0.0656266,-0.00597779,0.0640308,-0.00650219,0.0607748,-0.00722898,0.0592698,-0.00740117,0.0581216,-0.00743759,0.0575805,-0.00744424,0.0540209,-0.0069971,0.0519227,-0.00640597,0.0494824,-0.00519417,0.0473909,-0.00358908,0.046516,-0.00264086,95,B06,2
0.137133,-0.124647,0.115533,-0.0756805,0.106889,-0.0574544,0.0983598,-0.0413158,0.0920686,-0.0311541,0.0894913,-0.0274377,0.0827833,-0.0186501,0.079754,-0.0149888,0.0767036,-0.0114646,0.0745366,-0.00908408,0.0736558,-0.00818633,0.0714264,-0.00622516,0.0703215,-0.00556392,0.069051,-0.00516387,0.0678265,-0.0050561,0.0672536,-0.00516957,0.0669783,-0.0051914,0.0649823,-0.00573266,0.0635134,-0.00620121,0.0605154,-0.006896,0.0591462,-0.00709716,0.058042,-0.00721126,0.0575612,-0.00724466,0.0540407,-0.00703235,0.0518573,-0.00654839,0.0491569,-0.00537799,0.046815,-0.00360283,0.0457942,-0.00250444,100,B07,1
0.166665,-0.075328,0.139224,-0.0575372,0.127447,-0.0480139,0.115974,-0.0381765,0.107582,-0.0311988,0.104102,-0.0284325,0.0949805,-0.0215396,0.0906369,-0.0183998,0.0860273,-0.0152146,0.0824692,-0.0129148,0.0809605,-0.0120122,0.0768066,-0.00980249,0.0747137,-0.00884908,0.072339,-0.0078943,0.0704286,-0.00735713,0.0695666,-0.00722197,0.0692104,-0.00718331,0.0666106,-0.00728415,0.0648529,-0.0075078,0.0613586,-0.00789791,0.0597965,-0.00792195,0.0585828,-0.00794121,0.0580045,-0.00790245,0.0542998,-0.00729157,0.0521594,-0.00656219,0.049614,-0.00520413,0.0474372,-0.00334398,0.046519,-0.00225306,10,B07,1
0.162286,-0.0731289,0.135734,-0.0556938,0.124402,-0.0463621,0.113425,-0.0367143,0.105428,-0.0298944,0.102122,-0.0272127,0.0934634,-0.0205174,0.089356,-0.0174873,0.0850126,-0.0144097,0.0816788,-0.0122062,0.0802626,-0.0113411,0.0763962,-0.00926839,0.0744102,-0.00841132,0.0721505,-0.00757508,0.0702736,-0.00709214,0.0694269,-0.00696784,0.0690966,-0.00698898,0.0665414,-0.00712753,0.0647875,-0.00740517,0.0613535,-0.00782546,0.0597705,-0.00789726,0.0585963,-0.00787804,0.0580075,-0.00786614,0.0543383,-0.00730397,0.0521541,-0.0065863,0.0495752,-0.00523174,0.0473923,-0.0033964,0.0464687,-0.00231333,15,B07,1
0.157595,-0.0693105,0.131994,-0.0529667,0.121161,-0.0440601,0.110728,-0.0348231,0.103177,-0.0282993,0.100061,-0.0257404,0.0919071,-0.0193394,0.0880594,-0.0164578,0.0839988,-0.0135098,0.0808914,-0.01142,0.0795952,-0.0106036,0.0760211,-0.00871412,0.0741745,-0.00795103,0.0720329,-0.00725925,0.070236,-0.0068784,0.0694155,-0.00679972,0.0690446,-0.006784,0.0665221,-0.00703302,0.0647831,-0.00735307,0.0613669,-0.0077809,0.0598101,-0.00788154,0.0586008,-0.00787402,0.0580516,-0.00785888,0.0543034,-0.00730524,0.0521591,-0.00661821,0.0495572,-0.00529842,0.047334,-0.00347684,0.0464076,-0.00235717,20,B07,1
0.154217,-0.0663913,0.129329,-0.0509286,0.118857,-0.0423562,0.108832,-0.0334241,0.101602,-0.0271226,0.0986368,-0.0246475,0.0908578,-0.0184802,0.0871921,-0.0156928,0.0833391,-0.0128533,0.0804078,-0.0108596,0.0791873,-0.0100857,0.0758201,-0.00829771,0.0740578,-0.0075801,0.0720475,-0.00700919,0.0702521,-0.00669015,0.0694778,-0.00669419,0.0691166,-0.00668296,0.0666111,-0.00695383,0.0648977,-0.00724083,0.0614628,-0.00776112,0.0598918,-0.00784385,0.0587034,-0.00788952,0.0581411,-0.00787276,0.0544132,-0.00737839,0.0522329,-0.00667777,0.0495951,-0.00537831,0.0473498,-0.00352207,0.0463696,-0.00241156,25,B07,1
0.150647,-0.0641846,0.126315,-0.049126,0.116199,-0.0407453,0.106585,-0.0320293,0.0997072,-0.02591,0.0968914,-0.0235205,0.0895194,-0.017565,0.0860551,-0.0148814,0.0824265,-0.0121555,0.0796831,-0.0102452,0.0785299,-0.00950805,0.0753984,-0.00782891,0.0737673,-0.00720809,0.0718304,-0.00669425,0.0701375,-0.00648966,0.0693501,-0.00647463,0.0690018,-0.00650037,0.0665547,-0.00683212,0.0648469,-0.00719914,0.0614425,-0.00768356,0.059896,-0.00780762,0.0587502,-0.00782503,0.0581681,-0.0078065,0.0544366,-0.00735568,0.0522362,-0.00669408,0.049603,-0.00538693,0.0473348,-0.00353675,0.0463572,-0.00245308,30,B07,1
0.147789,-0.062346,0.123958,-0.0477305,0.114131,-0.0395306,0.10487,-0.0309885,0.0982633,-0.025003,0.0955565,-0.0226691,0.0885072,-0.0168733,0.0851948,-0.014276,0.0817372,-0.0116355,0.0791241,-0.00977844,0.0780373,-0.00907091,0.0750748,-0.00746691,0.0735212,-0.00688742,0.0716789,-0.00645481,0.0700443,-0.00628825,0.0692625,-0.00631599,0.0689385,-0.00633074,0.0665172,-0.00673787,0.0648125,-0.00710587,0.0614647,-0.00763441,0.0599366,-0.00774493,0.058731,-0.00775999,0.0582119,-0.00776113,0.0544728,-0.00732422,0.0522883,-0.00668493,0.0496418,-0.00538333,0.0473689,-0.00355845,0.0464001,-0.00245875,35,B07,1
0.144998,-0.0607417,0.121575,-0.0464116,0.112045,-0.0383561,0.103099,-0.0299526,0.0967664,-0.0240947,0.0941885,-0.021821,0.087453,-0.0161846,0.0842947,-0.0136543,0.0810126,-0.0111044,0.078536,-0.00930996,0.0774974,-0.00863728,0.0747068,-0.00711127,0.0732476,-0.00658113,0.0714915,-0.00620256,0.0699191,-0.0060965,0.0691599,-0.00612694,0.0688442,-0.00615212,0.0664675,-0.00661359,0.0648135,-0.00698677,0.0614516,-0.00753472,0.0599559,-0.00770338,0.0587469,-0.0077183,0.0582424,-0.00771682,0.0545228,-0.00729558,0.0523438,-0.00667229,0.0496782,-0.00536603,0.0473928,-0.0035593,0.046425,-0.00245255,40,B07,1
0.142797,-0.0591375,0.119769,-0.0452899,0.110456,-0.0373806,0.101759,-0.0291254,0.0956418,-0.0233744,0.0931586,-0.0211553,0.0866669,-0.0156417,0.0836364,-0.0131777,0.0804721,-0.0106988,0.0781072,-0.00895683,0.0771194,-0.00829073,0.0744637,-0.00684083,0.0730698,-0.00634593,0.0713868,-0.00600476,0.0698475,-0.00594837,0.0691183,-0.00602814,0.0687905,-0.00602767,0.0664394,-0.00653494,0.0648092,-0.00691814,0.0615006,-0.00751288,0.0599593,-0.00764979,0.0587898,-0.0076833,0.0582572,-0.00767016,0.0545946,-0.00729439,0.0523636,-0.00665054,0.049727,-0.00537761,0.0474478,-0.0035331,0.0464674,-0.0024439,45,B07,1
0.140547,-0.0581624,0.117884,-0.0444114,0.1088,-0.0365468,0.100381,-0.0283721,0.0944774,-0.0227002,0.09209,-0.0205054,0.0858526,-0.0151087,0.0829448,-0.0126993,0.0799249,-0.0102914,0.0776609,-0.00859406,0.0767242,-0.00795293,0.0741891,-0.0065518,0.0728653,-0.0061085,0.0712571,-0.00582366,0.0697773,-0.00578944,0.0690673,-0.00587405,0.0687461,-0.00591155,0.0664439,-0.00641587,0.0648065,-0.00685809,0.0615194,-0.00746309,0.0600196,-0.00759878,0.0588674,-0.00764695,0.0583107,-0.00764653,0.0546014,-0.00726192,0.0524188,-0.0066516,0.0497762,-0.00537747,0.0475049,-0.00355533,0.0465107,-0.00246315,50,B07,1
0.138876,-0.0581083,0.11648,-0.044136,0.107559,-0.0362051,0.0993429,-0.0279797,0.0936052,-0.0222991,0.0912893,-0.0201121,0.0852425,-0.0147422,0.0824335,-0.0123804,0.0795073,-0.00998706,0.0773262,-0.0083299,0.0764299,-0.00771843,0.0739953,-0.00636009,0.0727097,-0.00589891,0.0711701,-0.00565527,0.0697346,-0.00564687,0.0690315,-0.00575518,0.0687349,-0.00580973,0.0664396,-0.0064062,0.0648178,-0.0067384,0.0615411,-0.00743955,0.060044,-0.00757146,0.0588948,-0.00760224,0.0583438,-0.00761114,0.0546527,-0.0072372,0.0524757,-0.00665256,0.0498191,-0.00537227,0.0475474,-0.00356234,0.0465668,-0.00247879,55,B07,1
0.173001,-0.08417,0.143871,-0.0628904,0.131331,-0.052132,0.11912,-0.0412622,0.110156,-0.0336268,0.106426,-0.0306115,0.0966879,-0.0231263,0.0920465,-0.0197581,0.0871048,-0.0163456,0.0832645,-0.0138935,0.0816313,-0.0129176,0.0771362,-0.0104603,0.0748834,-0.0093674,0.0723972,-0.00822912,0.0704434,-0.00754492,0.0695814,-0.007341,0.06921,-0.00729714,0.0666345,-0.0073781,0.0648455,-0.00760202,0.0613471,-0.00790602,0.0597407,-0.00797716,0.0585547,-0.00793148,0.0580032,-0.00789803,0.0542702,-0.0072381,0.0521633,-0.00649682,0.0496516,-0.00511432,0.0475129,-0.00327975,0.0466172,-0.00217321,5,B07,1
0.138589,-0.0626963,0.115794,-0.0464766,0.10686,-0.0377022,0.0986745,-0.0287812,0.0929967,-0.022711,0.090711,-0.0203993,0.0847807,-0.0147837,0.0820292,-0.0123378,0.0791742,-0.00989832,0.0770493,-0.00822097,0.0761702,-0.00758626,0.0738041,-0.0062171,0.0725666,-0.00576841,0.0710729,-0.0055362,0.0696745,-0.0055767,0.0689776,-0.00567919,0.0686727,-0.00569447,0.0664346,-0.00630666,0.0648169,-0.00672564,0.0615583,-0.0073741,0.0600457,-0.00752812,0.0588839,-0.00756535,0.0583588,-0.00758564,0.0546849,-0.00724901,0.0525291,-0.00663488,0.049849,-0.00537741,0.0475729,-0.00357946,0.0465985,-0.00247579,60,B07,1
0.140623,-0.0692368,0.11686,-0.0499632,0.107609,-0.0401516,0.0991424,-0.0303785,0.0932991,-0.0237972,0.0909545,-0.0212951,0.0848945,-0.0152978,0.0820947,-0.0127061,0.0792002,-0.0101495,0.0770484,-0.00838467,0.0761615,-0.0077254,0.0737769,-0.00629357,0.0725354,-0.00583294,0.0710247,-0.00554599,0.0696431,-0.00558802,0.06894,-0.00569918,0.0686442,-0.00574597,0.0663562,-0.00627846,0.0647803,-0.00671184,0.0615402,-0.00734764,0.0600573,-0.00748842,0.0588714,-0.00755247,0.0583652,-0.00758906,0.0546884,-0.00725054,0.0525199,-0.0066142,0.0498626,-0.00537764,0.0475762,-0.00356523,0.0465999,-0.00247948,65,B07,1
0.138993,-0.0652501,0.115553,-0.0475006,0.106543,-0.038262,0.0983458,-0.0290314,0.0926997,-0.0227986,0.0904395,-0.0204245,0.0845894,-0.014726,0.081869,-0.0122371,0.0790868,-0.00980722,0.0769896,-0.00812041,0.076134,-0.00748931,0.0738174,-0.00613159,0.0726125,-0.00569182,0.0711322,-0.00546042,0.0697713,-0.00553152,0.0691072,-0.00562512,0.0687909,-0.00569749,0.0665247,-0.00627417,0.0649222,-0.006699,0.0616772,-0.0073804,0.0601659,-0.00754041,0.0590307,-0.0076272,0.0584587,-0.00760357,0.0547757,-0.00729155,0.052574,-0.00669124,0.0499014,-0.00544202,0.0475944,-0.00362227,0.0466131,-0.00251941,70,B07,1
0.136246,-0.0621661,0.113403,-0.0455623,0.10469,-0.0367436,0.0968126,-0.0278577,0.0914131,-0.0218487,0.0892624,-0.019583,0.0836701,-0.0140878,0.0810869,-0.011717,0.0784047,-0.0093728,0.0764208,-0.00777609,0.0755954,-0.00717472,0.0733675,-0.00587342,0.0722233,-0.00546578,0.0708242,-0.00525227,0.0695002,-0.00535433,0.0688234,-0.00542338,0.0685442,-0.00551786,0.0663729,-0.00612619,0.0647713,-0.00662492,0.0615818,-0.00729111,0.0600746,-0.00746644,0.0589203,-0.00752843,0.0584448,-0.00755402,0.0547281,-0.00725725,0.052552,-0.00666943,0.0498657,-0.00543581,0.0475418,-0.00361248,0.0465525,-0.00252381,75,B07,1
0.132751,-0.0588937,0.110487,-0.0432752,0.102045,-0.0348532,0.094539,-0.0263679,0.089436,-0.0206251,0.0874139,-0.0184613,0.0821888,-0.0132605,0.0797726,-0.0110235,0.0772583,-0.00882143,0.0753906,-0.00731801,0.074613,-0.0067543,0.072523,-0.00551233,0.0714534,-0.00515189,0.0701363,-0.00495851,0.068895,-0.00509303,0.0682719,-0.00520868,0.067983,-0.00522018,0.065893,-0.00591025,0.0643523,-0.00639571,0.0612731,-0.00707427,0.0598173,-0.00725668,0.0587103,-0.00736053,0.0581948,-0.00737248,0.0545673,-0.00709924,0.0524222,-0.00656851,0.0497627,-0.00537913,0.0474404,-0.00357754,0.0464611,-0.00249134,80,B07,1
0.13156,-0.0570481,0.109778,-0.0419776,0.101533,-0.0337769,0.0942262,-0.0255184,0.0892826,-0.01993,0.0873169,-0.0178326,0.0822786,-0.0127816,0.079947,-0.0106193,0.0775219,-0.00850621,0.0757192,-0.00706643,0.0749787,-0.00653112,0.0729696,-0.00540317,0.0719105,-0.0050453,0.0706241,-0.0049075,0.0693835,-0.00503797,0.0687673,-0.0052027,0.068497,-0.00526463,0.0663612,-0.00594854,0.0648422,-0.00644569,0.0616578,-0.00722368,0.0601851,-0.00740182,0.0590357,-0.0075169,0.0584981,-0.00753386,0.0548365,-0.00725993,0.0526249,-0.00672551,0.0499008,-0.00548779,0.0475421,-0.00370449,0.046548,-0.0025965,85,B07,1
0.126385,-0.0535993,0.10596,-0.0395991,0.0983622,-0.0318683,0.0916175,-0.0239805,0.0871282,-0.018662,0.0853484,-0.0166592,0.0807461,-0.011891,0.0786193,-0.0098722,0.0763967,-0.00790331,0.0747361,-0.00657916,0.0740465,-0.00607973,0.0721672,-0.00501702,0.0712085,-0.00472391,0.0699881,-0.00460253,0.0688384,-0.00476746,0.0682596,-0.00492554,0.0679993,-0.00499683,0.0659738,-0.00575688,0.0644928,-0.00622937,0.0614237,-0.00700362,0.0599839,-0.00723708,0.0588642,-0.0073288,0.0583392,-0.00735489,0.0547362,-0.007166,0.0525476,-0.00661814,0.0498431,-0.00545447,0.0474676,-0.00364772,0.0464832,-0.00255524,90,B07,1
0.122694,-0.0522281,0.103095,-0.0382791,0.0958414,-0.0306382,0.0894912,-0.0228826,0.0852751,-0.0176623,0.083634,-0.0157224,0.0794036,-0.0111219,0.0774585,-0.00920345,0.0754239,-0.00736583,0.0738933,-0.00612472,0.0732466,-0.00565759,0.0715066,-0.0046987,0.0705951,-0.00441696,0.0694743,-0.0043526,0.0684096,-0.00455037,0.0678362,-0.00469789,0.0675947,-0.00479072,0.0656497,-0.00555381,0.0642203,-0.00603232,0.0612335,-0.00683819,0.0598219,-0.00707946,0.0587313,-0.00716692,0.0582336,-0.00722322,0.0546782,-0.0070866,0.0525014,-0.00656318,0.0497872,-0.00541276,0.0474464,-0.00363749,0.046436,-0.00256463,95,B07,1
0.130766,-0.0994892,0.111017,-0.0614651,0.103462,-0.0467123,0.0963403,-0.0335453,0.091225,-0.0252905,0.0891479,-0.0222963,0.0836944,-0.0153042,0.0811806,-0.0124331,0.0786065,-0.00969273,0.0766939,-0.0078491,0.0759095,-0.0071686,0.073842,-0.00572553,0.0727858,-0.00528289,0.0714774,-0.00505114,0.0702527,-0.00515707,0.0696214,-0.00525876,0.0693543,-0.0053211,0.0672127,-0.00606304,0.0656843,-0.00655877,0.0625057,-0.00733785,0.0609996,-0.00751851,0.0598683,-0.00762528,0.0593248,-0.00767094,0.0556345,-0.00751136,0.0533916,-0.00703675,0.0506523,-0.00599245,0.0482264,-0.00442405,0.0471932,-0.00344612,100,B07,2
0.164821,-0.0748543,0.137732,-0.0567011,0.126221,-0.0470582,0.115137,-0.0371857,0.107078,-0.0302611,0.103744,-0.0275312,0.0950299,-0.0208156,0.0908691,-0.0177936,0.0864365,-0.0147611,0.0829743,-0.0125954,0.0814964,-0.0117497,0.0774012,-0.00969931,0.0752822,-0.00879346,0.0728694,-0.00784575,0.0709334,-0.00727499,0.0700679,-0.00709946,0.0697346,-0.00709347,0.0671932,-0.00713737,0.0654556,-0.00733671,0.0620783,-0.00768268,0.0605705,-0.00773884,0.0594256,-0.00771756,0.0588863,-0.00768405,0.0553084,-0.00717342,0.0532694,-0.00654138,0.0507821,-0.00538761,0.0486768,-0.00380856,0.0477518,-0.00287166,10,B07,2
0.160401,-0.0733074,0.134327,-0.055182,0.123293,-0.0456441,0.112708,-0.0358922,0.10505,-0.0290826,0.101888,-0.0264176,0.0936175,-0.0198614,0.0896819,-0.0169331,0.0855024,-0.0140053,0.0822663,-0.0119288,0.0808773,-0.0111184,0.0770337,-0.00918602,0.075027,-0.00837476,0.0727435,-0.00757287,0.0708483,-0.007069,0.0700087,-0.00693916,0.069663,-0.00693245,0.0671384,-0.00701922,0.0654469,-0.00726419,0.0620853,-0.00762535,0.060571,-0.00768367,0.05941,-0.00769775,0.0588916,-0.00767487,0.0552971,-0.00717188,0.053217,-0.00658928,0.0507355,-0.00543289,0.0485728,-0.00386537,0.0476553,-0.0029255,15,B07,2
0.156004,-0.0692593,0.130849,-0.0524002,0.120275,-0.0433507,0.110173,-0.0340445,0.102916,-0.0275382,0.0999412,-0.0250091,0.0921272,-0.0187443,0.0884356,-0.0159621,0.0845099,-0.0131538,0.0814936,-0.0111793,0.0802053,-0.0104132,0.076653,-0.0086452,0.0747782,-0.00791185,0.0726129,-0.00724743,0.0707785,-0.00685461,0.0699507,-0.00674924,0.0696158,-0.00676256,0.06712,-0.006935,0.065385,-0.00723564,0.0620865,-0.00760049,0.0605973,-0.0076726,0.0594204,-0.00769837,0.0588519,-0.00768417,0.0552745,-0.00722746,0.0532018,-0.00663703,0.0506748,-0.00548461,0.0484969,-0.00393225,0.0475704,-0.00295862,20,B07,2
0.152838,-0.0657335,0.128386,-0.0500884,0.11818,-0.0415128,0.108455,-0.0325954,0.101497,-0.0263586,0.0986375,-0.0239261,0.0911748,-0.0179133,0.0876497,-0.0152356,0.083913,-0.0125219,0.0810529,-0.0106296,0.0798419,-0.00991379,0.0764886,-0.00825108,0.0747158,-0.00758521,0.0726421,-0.00700612,0.0708561,-0.00671953,0.0700301,-0.00663843,0.0696813,-0.00663793,0.067207,-0.00689131,0.0655209,-0.00714923,0.0621432,-0.00761412,0.0606542,-0.00768673,0.0594665,-0.0076985,0.0589527,-0.00770496,0.0553644,-0.00727859,0.0532269,-0.00669452,0.0506611,-0.00556614,0.0484701,-0.00398468,0.0475257,-0.00304816,25,B07,2
0.149629,-0.0635628,0.12577,-0.0483505,0.115898,-0.0399657,0.106558,-0.0312811,0.099922,-0.025246,0.0972007,-0.0228961,0.0900996,-0.0170819,0.086747,-0.0144895,0.08322,-0.011902,0.0805197,-0.0100807,0.0793842,-0.00937871,0.0762434,-0.0078147,0.0745882,-0.00723908,0.0726119,-0.00676814,0.0708789,-0.00651757,0.0700865,-0.00650466,0.0697246,-0.00651662,0.067248,-0.00680561,0.0655781,-0.00712427,0.0622482,-0.0075913,0.0607415,-0.00770912,0.0595731,-0.00770809,0.059045,-0.00771774,0.0554002,-0.00727945,0.0532819,-0.00675752,0.0506922,-0.00564938,0.0484508,-0.00404468,0.0475089,-0.00309736,30,B07,2
0.147202,-0.0616284,0.123742,-0.0469631,0.114105,-0.0387868,0.105075,-0.0303135,0.0986576,-0.0243921,0.0960484,-0.0221008,0.0892255,-0.0164459,0.0860223,-0.0139412,0.0826355,-0.0114147,0.0800703,-0.00964912,0.0789881,-0.00897753,0.0760013,-0.00748409,0.0744242,-0.00694861,0.0725495,-0.00654092,0.0708501,-0.00633601,0.0700652,-0.00635578,0.0697245,-0.00634821,0.0673069,-0.00670717,0.0656166,-0.00706768,0.0623164,-0.00755787,0.0607943,-0.00767761,0.0596155,-0.00773176,0.0591308,-0.00769071,0.0554588,-0.00735058,0.0533417,-0.00679408,0.0507197,-0.0056635,0.0484777,-0.00407076,0.0475226,-0.00312789,35,B07,2
0.144577,-0.0600962,0.121562,-0.0457138,0.112209,-0.0376857,0.103472,-0.0293437,0.0973227,-0.0235578,0.0948146,-0.0213201,0.0882829,-0.0158136,0.0852145,-0.0133751,0.0819904,-0.0109227,0.0795481,-0.00921737,0.078519,-0.00856412,0.0757113,-0.00716265,0.0742094,-0.00664889,0.072392,-0.00628977,0.0707863,-0.00618148,0.0700205,-0.00620159,0.0696885,-0.00625521,0.0672962,-0.00661395,0.0656458,-0.00698952,0.0623401,-0.00751713,0.0608288,-0.00763658,0.0596729,-0.00767444,0.0591298,-0.00767727,0.055529,-0.00732846,0.053372,-0.00676498,0.0507729,-0.0056534,0.0485016,-0.00408035,0.0475461,-0.00313109,40,B07,2
0.142567,-0.0585717,0.119875,-0.0446584,0.110724,-0.0367767,0.102225,-0.0285805,0.0962659,-0.0228938,0.0938472,-0.0207065,0.0875416,-0.0153172,0.084581,-0.0129317,0.0814843,-0.0105467,0.0791405,-0.00887728,0.0781601,-0.00824892,0.0754656,-0.00688682,0.0740396,-0.0064185,0.0722974,-0.00609966,0.0707368,-0.00602613,0.0699793,-0.00607675,0.0696539,-0.00609816,0.0672942,-0.00654687,0.0656441,-0.00690114,0.0623575,-0.0074677,0.0608481,-0.00761314,0.0596948,-0.00765357,0.0591813,-0.00763746,0.0555509,-0.00729571,0.0534169,-0.00677244,0.0508277,-0.00565983,0.0485768,-0.00409278,0.0475918,-0.00314939,45,B07,2
0.14065,-0.0575211,0.118247,-0.0438002,0.109294,-0.035972,0.101033,-0.0278674,0.0952676,-0.0222544,0.0929314,-0.0201123,0.0868482,-0.0148362,0.0839879,-0.0124911,0.0810198,-0.0101576,0.0787787,-0.00854941,0.0778347,-0.00793894,0.0752587,-0.00661744,0.0739007,-0.00619153,0.0722388,-0.00591174,0.0707062,-0.00586286,0.0699898,-0.00595236,0.0696479,-0.005935,0.0673243,-0.00645922,0.0656757,-0.00684956,0.0624241,-0.0074378,0.0609218,-0.00757407,0.0597928,-0.00764638,0.0592337,-0.00763802,0.0556583,-0.00730061,0.0534937,-0.00676855,0.0508816,-0.00566564,0.0486281,-0.00411021,0.047656,-0.0031664,50,B07,2
0.139003,-0.0569078,0.116906,-0.0432616,0.108137,-0.0354851,0.100078,-0.027396,0.0944753,-0.0218272,0.0922118,-0.0196919,0.0863048,-0.0144618,0.0835478,-0.0121697,0.0806605,-0.00987655,0.0785035,-0.00829749,0.0776018,-0.00770379,0.0751239,-0.00642561,0.0738136,-0.00600871,0.0722036,-0.00575643,0.0707275,-0.00577043,0.0699955,-0.00585254,0.0697034,-0.00588481,0.0673475,-0.00639393,0.0657496,-0.00677844,0.0624811,-0.00740579,0.0609812,-0.00755503,0.0598474,-0.00758903,0.0593152,-0.00760493,0.0556933,-0.00727871,0.0535452,-0.00677183,0.0509342,-0.00567415,0.048675,-0.0041157,0.0477098,-0.00316728,55,B07,2
0.171759,-0.0911187,0.142819,-0.065911,0.130466,-0.0537875,0.118562,-0.041873,0.109895,-0.0336858,0.106307,-0.030501,0.0969656,-0.0228185,0.0924943,-0.0194289,0.0877045,-0.0160687,0.0839666,-0.0136929,0.0823591,-0.0127599,0.0778764,-0.0104125,0.075617,-0.00935242,0.0731116,-0.00824311,0.0711138,-0.00750335,0.0702479,-0.00732251,0.0698836,-0.00726338,0.0673264,-0.00728323,0.0655827,-0.00744114,0.0621946,-0.00772032,0.0606489,-0.00775098,0.0594825,-0.00771415,0.0589674,-0.00770212,0.0554075,-0.00716125,0.0533642,-0.00650068,0.05093,-0.00534167,0.0488126,-0.00376629,0.0479207,-0.00283953,5,B07,2
0.137775,-0.0590111,0.115743,-0.04417,0.107098,-0.0359481,0.0991853,-0.027523,0.0937105,-0.0217767,0.0915181,-0.0195916,0.0857721,-0.0142816,0.0830875,-0.0119653,0.0802965,-0.00967366,0.078195,-0.00808239,0.077332,-0.00750528,0.0749388,-0.00622366,0.073666,-0.00582827,0.0721391,-0.00561814,0.0706991,-0.00563263,0.0699856,-0.00573088,0.0696853,-0.00578831,0.0673854,-0.00639118,0.0657673,-0.00675415,0.0625338,-0.00736443,0.0610404,-0.00754564,0.0599109,-0.00758898,0.0593709,-0.00758253,0.0557523,-0.00729284,0.0536242,-0.00677175,0.0510064,-0.00568845,0.0487112,-0.00414282,0.0477507,-0.00319323,60,B07,2
0.137543,-0.0643051,0.114949,-0.0471325,0.106203,-0.0380115,0.0982224,-0.0287678,0.0927529,-0.0225107,0.0905731,-0.0201565,0.0848801,-0.014486,0.082242,-0.0120573,0.0795021,-0.00966834,0.077455,-0.00805678,0.0765936,-0.00743332,0.0742711,-0.00612199,0.0730418,-0.00571363,0.0715463,-0.00548197,0.0701457,-0.00549505,0.0694684,-0.00558331,0.0691669,-0.00560749,0.0669366,-0.00617718,0.0653915,-0.00653932,0.0622217,-0.00720788,0.0607601,-0.00734331,0.0596648,-0.00741855,0.059143,-0.00741468,0.0556042,-0.00713843,0.0534937,-0.00665433,0.0508933,-0.0056115,0.0486467,-0.00407726,0.0476815,-0.00313594,65,B07,2
0.137295,-0.0657978,0.114285,-0.0473382,0.105484,-0.0379234,0.0975259,-0.0285802,0.0920961,-0.0223255,0.08993,-0.0199639,0.0843116,-0.0143311,0.08171,-0.0119234,0.0789878,-0.00955425,0.0769635,-0.00794091,0.0761214,-0.00734292,0.0738335,-0.00601105,0.0726318,-0.00560916,0.0711717,-0.00536544,0.0698129,-0.00538827,0.0691351,-0.00547142,0.0688485,-0.00554524,0.0666848,-0.00602648,0.065159,-0.00643587,0.0620525,-0.00704292,0.0606188,-0.0072428,0.0595385,-0.00730754,0.059008,-0.00731929,0.0555332,-0.00710162,0.0534135,-0.00662832,0.0508285,-0.00558677,0.0485588,-0.00406863,0.0475974,-0.00312841,70,B07,2
0.135717,-0.0635651,0.112946,-0.0458073,0.104305,-0.0366623,0.0965822,-0.0276104,0.0913241,-0.0215481,0.0892268,-0.0192707,0.0837985,-0.0138322,0.0812839,-0.0115121,0.0786597,-0.00922964,0.0767059,-0.00767588,0.0758864,-0.00707926,0.0736775,-0.00583678,0.0725297,-0.00544514,0.0711054,-0.00524185,0.0697698,-0.00527358,0.0691138,-0.00535521,0.0688433,-0.00544813,0.0666861,-0.00598789,0.0651561,-0.00644095,0.0620844,-0.00706107,0.0606524,-0.0072193,0.0595609,-0.00730005,0.0590092,-0.00734126,0.0555252,-0.00710227,0.0534209,-0.00665265,0.0508173,-0.00562823,0.04855,-0.00408226,0.0475665,-0.00314585,75,B07,2
0.133527,-0.0599398,0.111343,-0.0436943,0.102944,-0.0350703,0.0954782,-0.0264376,0.0904242,-0.020634,0.0884168,-0.0184464,0.0832193,-0.0132407,0.0808144,-0.0110276,0.0783043,-0.00885804,0.0764188,-0.00735708,0.0756381,-0.00680542,0.0735248,-0.00562188,0.0723973,-0.00523845,0.0710322,-0.00505809,0.0697593,-0.00513923,0.0691115,-0.00525968,0.0688394,-0.00533654,0.0667059,-0.00593172,0.0651936,-0.0063698,0.062133,-0.0070557,0.0606976,-0.00723892,0.0595799,-0.00732602,0.0590835,-0.00734199,0.0555115,-0.00717159,0.0534349,-0.00668961,0.0507981,-0.00564486,0.0485144,-0.00411445,0.0475231,-0.00318363,80,B07,2
0.131556,-0.0575499,0.109943,-0.042146,0.101813,-0.0338494,0.0946102,-0.0254887,0.0897601,-0.0198609,0.0878318,-0.0177518,0.0828714,-0.0127298,0.080567,-0.0105856,0.0781742,-0.00850418,0.0763666,-0.0070821,0.0756148,-0.00654096,0.0735767,-0.00542397,0.0725031,-0.00508712,0.0711944,-0.00495855,0.0699452,-0.00508145,0.0693105,-0.00521357,0.0690179,-0.00524119,0.0669135,-0.00594298,0.0654041,-0.00636858,0.062289,-0.00708981,0.0608454,-0.00732055,0.0597264,-0.00741462,0.0592254,-0.00744119,0.0556662,-0.00720739,0.053504,-0.00676085,0.0508519,-0.00571411,0.0485507,-0.0041805,0.0475683,-0.00324001,85,B07,2
0.129089,-0.0552828,0.108298,-0.040539,0.100528,-0.0325254,0.0936504,-0.0244148,0.0890528,-0.01897,0.0872322,-0.0169234,0.0825564,-0.0120873,0.0803805,-0.010034,0.0781237,-0.00806776,0.0764304,-0.00674062,0.075703,-0.00622943,0.0737723,-0.0052056,0.0727551,-0.00492004,0.0714888,-0.00483139,0.070246,-0.00497304,0.069629,-0.00510887,0.0693637,-0.00520305,0.067257,-0.0059263,0.065714,-0.00640878,0.0625795,-0.0071971,0.0611209,-0.00739463,0.0599715,-0.0075135,0.0594333,-0.0075347,0.0558218,-0.00735366,0.0536366,-0.00689584,0.0509398,-0.00584056,0.0485684,-0.00431031,0.0475769,-0.0033472,90,B07,2
0.125071,-0.0525404,0.105145,-0.0385976,0.0977335,-0.0309123,0.091266,-0.0230992,0.086987,-0.0178441,0.0853081,-0.0158725,0.0810376,-0.011251,0.0790532,-0.00931928,0.0769987,-0.00747322,0.0754392,-0.00623734,0.0747885,-0.00578735,0.0729822,-0.00483436,0.0720563,-0.00460753,0.0708691,-0.00454023,0.0697197,-0.00470011,0.0691483,-0.00486372,0.0688774,-0.00495401,0.0668658,-0.00570339,0.0653999,-0.00628579,0.0623325,-0.00700741,0.060893,-0.00722491,0.0597917,-0.00735619,0.0592947,-0.00740342,0.0556916,-0.00725632,0.0535304,-0.00681475,0.0508518,-0.0058133,0.0484866,-0.00427048,0.0474827,-0.00332387,95,B07,2
0.1584,-0.162311,0.133463,-0.0989743,0.122726,-0.0759103,0.111326,-0.0550058,0.102789,-0.0415453,0.0993624,-0.0365948,0.0904474,-0.0245635,0.0865557,-0.0195352,0.0827291,-0.0147012,0.0800576,-0.0114479,0.0790166,-0.0102477,0.0763459,-0.00761533,0.0750547,-0.00670549,0.0735179,-0.00604351,0.072153,-0.00586069,0.071484,-0.00592744,0.0711701,-0.00594839,0.0689116,-0.00648101,0.0672747,-0.00687228,0.0639591,-0.00750571,0.0624267,-0.00762927,0.0612808,-0.00768514,0.0607462,-0.00767464,0.0570468,-0.00725093,0.0549111,-0.00665703,0.0523309,-0.00545204,0.0501003,-0.00374046,0.0491552,-0.00273679,100,B08,1
0.17204,-0.0764575,0.144729,-0.0580054,0.132904,-0.048353,0.121361,-0.0384784,0.112867,-0.031479,0.109343,-0.0286911,0.100129,-0.0217592,0.0957484,-0.0186429,0.0910822,-0.0154777,0.0874391,-0.0132279,0.0858783,-0.0123362,0.081557,-0.0101769,0.0793346,-0.00920723,0.0768185,-0.00823627,0.0748074,-0.00761944,0.0739048,-0.00747775,0.0735267,-0.00742485,0.0708472,-0.00747399,0.0690307,-0.00766128,0.0654785,-0.00800595,0.063887,-0.00804051,0.0626512,-0.00797238,0.0621029,-0.00793425,0.0584351,-0.00726309,0.0563548,-0.00650733,0.053934,-0.00522409,0.0518778,-0.00359044,0.0509974,-0.00262568,10,B08,1
0.167714,-0.0726934,0.141348,-0.0554616,0.130003,-0.046284,0.118937,-0.0368093,0.110818,-0.0300846,0.107467,-0.0274241,0.0986756,-0.0207701,0.094494,-0.0177465,0.090068,-0.0146999,0.0866428,-0.012548,0.0851696,-0.0116947,0.081114,-0.00967952,0.0790009,-0.00881564,0.0766044,-0.00793887,0.0746316,-0.0074309,0.073727,-0.00727771,0.0733555,-0.00725299,0.0707001,-0.00741079,0.0688929,-0.00762997,0.0653935,-0.00793728,0.0637965,-0.00800147,0.0625703,-0.00796589,0.0620011,-0.00791949,0.0583226,-0.00723311,0.0562425,-0.0065354,0.05381,-0.00524664,0.0517389,-0.00361263,0.0508377,-0.00264134,15,B08,1
0.163207,-0.0688907,0.137752,-0.0527642,0.126907,-0.0440488,0.116381,-0.0349776,0.108689,-0.0285451,0.105514,-0.0260068,0.0971922,-0.0196524,0.0932567,-0.0167686,0.0890962,-0.0138598,0.0858825,-0.01179,0.084523,-0.0110057,0.0807535,-0.00914277,0.0787694,-0.00837231,0.0764669,-0.00763973,0.0745497,-0.00724095,0.0736578,-0.0071299,0.0733016,-0.00714573,0.0706479,-0.0073032,0.0688326,-0.00756984,0.0653185,-0.00795401,0.0637099,-0.0080336,0.0625002,-0.00796366,0.0619621,-0.00792172,0.0582223,-0.00731051,0.0561443,-0.00658628,0.0536921,-0.00530396,0.0515749,-0.00364847,0.0506926,-0.0026729,20,B08,1
0.159533,-0.0661538,0.134855,-0.0508239,0.124421,-0.0424108,0.114325,-0.0336189,0.106977,-0.0273746,0.103943,-0.024923,0.0960112,-0.018783,0.0922705,-0.0160035,0.0883188,-0.0131988,0.0852932,-0.0112241,0.0839921,-0.0104501,0.0804466,-0.00872141,0.0785718,-0.00802241,0.0763611,-0.00738316,0.0744992,-0.00707992,0.0736096,-0.00697803,0.07325,-0.0070171,0.0706164,-0.00724364,0.0688035,-0.00753485,0.0652857,-0.00792472,0.063678,-0.00801435,0.0624813,-0.00796579,0.0619481,-0.00793899,0.0582159,-0.00732022,0.0561054,-0.00662828,0.0536167,-0.0053444,0.0515021,-0.00369245,0.0506069,-0.00270496,25,B08,1
0.155793,-0.063998,0.131678,-0.0490619,0.121594,-0.0408069,0.111915,-0.0321939,0.104938,-0.0261338,0.102062,-0.0237572,0.0945652,-0.0178343,0.0910261,-0.0151607,0.0873097,-0.0124645,0.0844714,-0.0105733,0.0832632,-0.00984824,0.0799513,-0.00821281,0.0781982,-0.00760113,0.0761054,-0.00707301,0.0743031,-0.00683983,0.0734771,-0.00685441,0.0731109,-0.00686407,0.0705019,-0.007166,0.0687258,-0.00745338,0.065226,-0.00786017,0.0636616,-0.00794408,0.0624496,-0.00792748,0.0618857,-0.00791649,0.0581724,-0.00731768,0.0560661,-0.00661817,0.0535811,-0.00534155,0.0514375,-0.00369058,0.0505186,-0.00272811,30,B08,1
0.152661,-0.0621548,0.129095,-0.0476406,0.119307,-0.0395535,0.110004,-0.0311104,0.103324,-0.0251781,0.100596,-0.0228699,0.0934461,-0.0170976,0.0900728,-0.0145026,0.0865378,-0.0118963,0.0838519,-0.0100732,0.0827126,-0.00937013,0.0795933,-0.00783321,0.0779246,-0.00727775,0.0759343,-0.00682987,0.0741734,-0.00663783,0.0733457,-0.00666436,0.0729805,-0.00668092,0.0704482,-0.0069777,0.0686791,-0.0073745,0.0652122,-0.00781085,0.0636212,-0.00789826,0.0624092,-0.00789031,0.0618709,-0.00786197,0.0582161,-0.007275,0.0560855,-0.00662131,0.0535908,-0.00535146,0.0514625,-0.00369565,0.0505412,-0.00273596,35,B08,1
0.150121,-0.0619504,0.126711,-0.0468941,0.117172,-0.0386714,0.108166,-0.030227,0.101759,-0.0243459,0.0991439,-0.0220679,0.0923093,-0.0164143,0.0890949,-0.0138894,0.0857463,-0.0113708,0.0832069,-0.0096053,0.0821399,-0.00893533,0.0791966,-0.00747477,0.0776215,-0.00695047,0.0757148,-0.00656909,0.0740338,-0.00646654,0.0732306,-0.00646703,0.0728928,-0.00649169,0.0703477,-0.00689329,0.0685728,-0.0072698,0.0651617,-0.00771694,0.0636406,-0.00781241,0.0623895,-0.00781375,0.0618828,-0.0078234,0.0581969,-0.00725312,0.0560846,-0.00656853,0.0535934,-0.00533743,0.0514764,-0.00368613,0.0505588,-0.00272852,40,B08,1
0.147491,-0.0586669,0.124776,-0.0450429,0.115492,-0.0372923,0.106756,-0.0291716,0.100571,-0.0235084,0.0980508,-0.0213107,0.0914626,-0.0158396,0.0883789,-0.0133928,0.0851461,-0.0109453,0.0826988,-0.0092289,0.0816758,-0.00858429,0.0788711,-0.0071869,0.0773649,-0.00672157,0.0755442,-0.00637599,0.0738972,-0.00630011,0.073094,-0.00632178,0.0727569,-0.00636104,0.0702479,-0.00675682,0.0685624,-0.00719216,0.0651374,-0.00765208,0.0636003,-0.00777814,0.0624007,-0.00775498,0.061862,-0.00772335,0.058217,-0.00721023,0.0560969,-0.00656154,0.0536295,-0.00531976,0.0514953,-0.00367565,0.0505773,-0.00271547,45,B08,1
0.144802,-0.05734,0.122563,-0.0439512,0.113548,-0.0362933,0.105126,-0.0282884,0.0991771,-0.0227198,0.0967645,-0.0205649,0.0904627,-0.0152307,0.0875052,-0.0128552,0.084434,-0.0104806,0.0821039,-0.00881851,0.0811424,-0.00820999,0.0784767,-0.00685566,0.0770473,-0.00641806,0.0753184,-0.006125,0.0737343,-0.00610748,0.0729657,-0.00614901,0.0726224,-0.00620427,0.0701755,-0.00664783,0.0685109,-0.00700829,0.0651035,-0.00756119,0.0635686,-0.00768803,0.0624116,-0.00770524,0.0618783,-0.00767322,0.0581963,-0.00717418,0.0561524,-0.00652229,0.0536645,-0.00531501,0.0515363,-0.00368066,0.0506283,-0.0027168,50,B08,1
0.142907,-0.0568892,0.120931,-0.0434456,0.11206,-0.0357597,0.103836,-0.0277445,0.0980832,-0.0221927,0.0957527,-0.0200495,0.0896777,-0.0147826,0.0868301,-0.0124513,0.0838743,-0.0101227,0.0816448,-0.00850939,0.0807227,-0.00790902,0.0781632,-0.0065988,0.0768077,-0.0061882,0.0751437,-0.005945,0.0735899,-0.00593509,0.072861,-0.00603249,0.0725313,-0.00606878,0.070131,-0.00655233,0.0684239,-0.00695946,0.0651038,-0.00752642,0.0635782,-0.00762125,0.0624131,-0.00765273,0.0618406,-0.00762104,0.0582453,-0.00714945,0.0561667,-0.00649055,0.0536907,-0.00529102,0.0515533,-0.00366848,0.050639,-0.00270349,55,B08,1
0.178099,-0.0817039,0.149156,-0.0615734,0.136604,-0.0512581,0.124356,-0.0407967,0.115315,-0.0333751,0.111571,-0.0304075,0.101804,-0.0230804,0.0971542,-0.019792,0.0921715,-0.0164707,0.0882676,-0.0140975,0.0865868,-0.0131469,0.0819344,-0.0107761,0.0795698,-0.00966988,0.0769646,-0.00853089,0.0748959,-0.0077972,0.0739991,-0.00760694,0.0736224,-0.00754762,0.0709507,-0.00755461,0.0691119,-0.00775509,0.0655592,-0.00799841,0.0639828,-0.0079999,0.0627481,-0.0079713,0.0621951,-0.00790899,0.0585274,-0.00720692,0.0564698,-0.00645719,0.0540748,-0.00517489,0.0520714,-0.00353868,0.0512092,-0.00259731,5,B08,1
0.143144,-0.0608609,0.121033,-0.0456086,0.112234,-0.0372127,0.104035,-0.0285945,0.0983112,-0.0226736,0.0960036,-0.020421,0.0899775,-0.0148978,0.0871823,-0.0124847,0.0842613,-0.0100964,0.0820788,-0.00845756,0.0811699,-0.00785616,0.0786695,-0.00654882,0.0773309,-0.00614924,0.0756783,-0.00592435,0.0741395,-0.00595214,0.0734153,-0.00606892,0.0730926,-0.00613853,0.0706415,-0.00666263,0.0689333,-0.00712072,0.0654684,-0.00769189,0.063929,-0.00779189,0.0626876,-0.00780895,0.062145,-0.00779244,0.0584525,-0.00724975,0.0563486,-0.0066221,0.0538318,-0.00539553,0.0516828,-0.00375438,0.050754,-0.00277979,60,B08,1
0.144131,-0.0667561,0.120841,-0.0487787,0.111633,-0.0393786,0.10322,-0.0298822,0.0974,-0.0234531,0.0950723,-0.0210271,0.0890557,-0.0151406,0.0862783,-0.0126154,0.0833996,-0.0101254,0.0812339,-0.00841349,0.0803326,-0.00778833,0.0778897,-0.00643089,0.0766106,-0.00602794,0.0750161,-0.00577361,0.0735139,-0.00579002,0.0728075,-0.00591629,0.0724857,-0.00595734,0.0700903,-0.0064704,0.0684358,-0.00693106,0.0651196,-0.00747389,0.0635864,-0.00757865,0.0624238,-0.00762582,0.0619154,-0.00760595,0.0583209,-0.00715517,0.0562042,-0.00651745,0.0537142,-0.00531025,0.0515657,-0.0036854,0.0506619,-0.00274052,65,B08,1
0.142062,-0.0649569,0.119203,-0.0472544,0.110354,-0.0381016,0.102269,-0.0289266,0.0966834,-0.0227188,0.0944444,-0.0203632,0.088629,-0.0146986,0.0859325,-0.0122518,0.0831244,-0.00985133,0.0810223,-0.00820522,0.0801573,-0.00759747,0.077783,-0.00630455,0.0765052,-0.00588717,0.0749643,-0.00568586,0.0735321,-0.00573354,0.0727836,-0.00583488,0.0724667,-0.00588804,0.0701137,-0.00648659,0.0684597,-0.0068849,0.0651344,-0.00745025,0.0636113,-0.00761462,0.0624377,-0.00762242,0.0619171,-0.00762643,0.0582788,-0.00717864,0.0561885,-0.00654925,0.0536652,-0.00534832,0.0515232,-0.00371503,0.0505988,-0.00275256,70,B08,1
0.140685,-0.0622423,0.118119,-0.045575,0.109362,-0.0367599,0.101421,-0.0278859,0.095968,-0.0218818,0.0937739,-0.019599,0.0881666,-0.0141421,0.0855538,-0.0117903,0.0828518,-0.00947572,0.0808317,-0.0078973,0.0799813,-0.00731007,0.0776838,-0.00606365,0.0764695,-0.00570771,0.0749919,-0.00553379,0.0735653,-0.00565002,0.0728451,-0.00573687,0.0725454,-0.00578301,0.0701979,-0.00643888,0.0685701,-0.00681319,0.0652145,-0.00749137,0.0636831,-0.0076524,0.0624769,-0.00766001,0.0619646,-0.00762144,0.058304,-0.00719877,0.0561948,-0.00658045,0.0536561,-0.00538495,0.0514881,-0.00375955,0.0505459,-0.00278801,75,B08,1
0.137061,-0.0588494,0.114967,-0.0432226,0.106517,-0.0348348,0.0989897,-0.0263712,0.0938893,-0.0206374,0.0918508,-0.0184736,0.0866201,-0.0132943,0.0841871,-0.0110736,0.0816616,-0.00890282,0.07977,-0.00741994,0.0789839,-0.00687491,0.0768254,-0.00570512,0.0757037,-0.00537789,0.0743078,-0.00525134,0.0729522,-0.00534453,0.0722777,-0.00545049,0.0719974,-0.00553192,0.0697408,-0.00622608,0.0681666,-0.00666459,0.0649139,-0.00731204,0.0634231,-0.00744776,0.0622745,-0.00750481,0.0617363,-0.00750655,0.0581153,-0.00714709,0.0560475,-0.00649366,0.053527,-0.00531998,0.0513538,-0.003726,0.0504245,-0.00275288,80,B08,1
0.134735,-0.0565104,0.11359,-0.0417937,0.105565,-0.0337329,0.0983585,-0.0254989,0.0934905,-0.0199297,0.091573,-0.0178297,0.0865666,-0.0127997,0.0842388,-0.0106604,0.0818257,-0.00857721,0.0800156,-0.00717534,0.0792575,-0.00664523,0.077179,-0.00555784,0.0760779,-0.00525178,0.0747111,-0.00516103,0.0734232,-0.00534895,0.0727306,-0.00547815,0.072448,-0.00558144,0.0701705,-0.00630097,0.0685396,-0.00670043,0.0652184,-0.00742728,0.0636717,-0.00759351,0.0625333,-0.00765335,0.0619935,-0.00766459,0.0582954,-0.00725176,0.0561614,-0.00662818,0.0536039,-0.00545362,0.0514235,-0.003812,0.0504706,-0.00284078,85,B08,1
0.13208,-0.0543441,0.111623,-0.0401347,0.103838,-0.0322975,0.0969434,-0.0243055,0.0923086,-0.0188864,0.090483,-0.0168681,0.0858058,-0.012051,0.0836351,-0.0100243,0.0813805,-0.00806147,0.0796723,-0.00673831,0.0789485,-0.00624919,0.077012,-0.00526728,0.075971,-0.00501431,0.0746797,-0.00496508,0.073401,-0.00516029,0.0727445,-0.00531588,0.0724667,-0.00542753,0.0702312,-0.00620566,0.0686425,-0.0066854,0.0653354,-0.007444,0.0637622,-0.00762766,0.0625818,-0.00766805,0.0620482,-0.00770806,0.0583522,-0.00729572,0.0561801,-0.00669301,0.053622,-0.00550619,0.0513942,-0.0038548,0.0504433,-0.00286581,90,B08,1
0.128362,-0.0529951,0.108572,-0.0388291,0.101139,-0.0310929,0.0946564,-0.0232254,0.0903552,-0.0179281,0.0886948,-0.01596,0.0844,-0.0112835,0.0824295,-0.00934968,0.0803661,-0.00751142,0.0787979,-0.00627433,0.0781395,-0.00582587,0.0763378,-0.00491269,0.0753746,-0.00470688,0.0741674,-0.0046812,0.0729815,-0.004903,0.0723559,-0.00506985,0.0720821,-0.00516483,0.0699581,-0.00599419,0.0683832,-0.00651051,0.0651376,-0.00727507,0.0636182,-0.00748473,0.062464,-0.00753493,0.0619255,-0.00757985,0.0582551,-0.00721748,0.0561377,-0.00662757,0.0535497,-0.00547962,0.0513204,-0.00384683,0.0503716,-0.0028605,95,B08,1
0.13128,-0.106355,0.112526,-0.0653391,0.105038,-0.0496127,0.09776,-0.035522,0.0924884,-0.0266816,0.0903635,-0.0234855,0.0847297,-0.016016,0.0821332,-0.0129475,0.0794862,-0.0100165,0.0775329,-0.00803247,0.0767512,-0.00730162,0.0746766,-0.00568924,0.0736458,-0.00516784,0.072397,-0.00483982,0.071245,-0.00485504,0.0706731,-0.00495601,0.07041,-0.00499438,0.0684493,-0.00556319,0.0670526,-0.00599242,0.0641485,-0.00669018,0.0627738,-0.00687322,0.0617346,-0.00696515,0.0612646,-0.00702399,0.0579108,-0.00680227,0.0559041,-0.00638358,0.0534131,-0.00544777,0.0512486,-0.00405647,0.0503033,-0.00321285,100,B08,2
0.168539,-0.0741051,0.141846,-0.0563202,0.130357,-0.0468991,0.119196,-0.0372192,0.111055,-0.0303993,0.107673,-0.02771,0.0988241,-0.0210401,0.0945872,-0.0180395,0.0900492,-0.015013,0.086504,-0.0128574,0.0849867,-0.012004,0.0807504,-0.00992072,0.0785647,-0.00899577,0.076091,-0.008019,0.074113,-0.00739784,0.0732345,-0.00720513,0.0728617,-0.00718503,0.0703081,-0.00709203,0.0686139,-0.00727412,0.0652703,-0.00759648,0.0637644,-0.00763532,0.0626404,-0.00760881,0.0621026,-0.00759195,0.0586034,-0.00707111,0.0566218,-0.00642655,0.0542583,-0.00532221,0.0522226,-0.00389172,0.0513577,-0.00304863,10,B08,2
0.16371,-0.0715125,0.138024,-0.0542611,0.127033,-0.045116,0.116411,-0.0356661,0.10867,-0.0290171,0.105493,-0.0264187,0.0971294,-0.0199682,0.093138,-0.0170781,0.0888772,-0.0141658,0.0855639,-0.0120867,0.0841588,-0.0112893,0.080234,-0.00937974,0.0781803,-0.00852803,0.0758314,-0.00770704,0.0738944,-0.00717226,0.073035,-0.00702904,0.0726612,-0.00696378,0.0701311,-0.00700532,0.0684562,-0.00717453,0.0651593,-0.00754796,0.0636298,-0.00758627,0.0625674,-0.00756473,0.0619937,-0.00752687,0.0585151,-0.00701834,0.0564948,-0.00644567,0.0541324,-0.00532272,0.0520947,-0.00390697,0.0512274,-0.00307316,15,B08,2
0.15895,-0.0674968,0.134182,-0.0514854,0.123661,-0.0427965,0.113542,-0.0337658,0.106256,-0.027427,0.103253,-0.0249262,0.0953963,-0.0187764,0.0916632,-0.0160215,0.0876894,-0.0132413,0.084632,-0.011283,0.083333,-0.0105293,0.0797051,-0.0087494,0.0778038,-0.00802472,0.0755926,-0.00734263,0.0737245,-0.00695202,0.0728857,-0.00685732,0.0725189,-0.00681434,0.0700141,-0.00689782,0.0683391,-0.00713946,0.065059,-0.00749509,0.0635733,-0.00754995,0.0624234,-0.00754968,0.0619194,-0.00750935,0.0584329,-0.00704906,0.0564102,-0.00645139,0.0540212,-0.00537373,0.0519575,-0.00395778,0.0510713,-0.00310346,20,B08,2
0.155475,-0.0644288,0.131435,-0.0494177,0.121278,-0.0411032,0.111551,-0.0323877,0.104568,-0.0262441,0.101705,-0.0238439,0.0942197,-0.0179117,0.0906679,-0.0152623,0.0869113,-0.0125841,0.0840236,-0.0107012,0.0827956,-0.00998498,0.079399,-0.00832325,0.0776041,-0.00765146,0.0755022,-0.0070936,0.0736871,-0.00673437,0.0728397,-0.00669102,0.072494,-0.00667089,0.069984,-0.00685449,0.0683206,-0.00705867,0.0650346,-0.00747899,0.0635399,-0.00755971,0.0624262,-0.00753355,0.0619124,-0.0075266,0.0583767,-0.00707877,0.0563768,-0.00649964,0.0539581,-0.00539929,0.0518829,-0.00398945,0.0509995,-0.00312586,25,B08,2
0.151919,-0.062191,0.12843,-0.0476562,0.118592,-0.0395235,0.109278,-0.0310399,0.102641,-0.02507,0.0999347,-0.0227475,0.0928493,-0.0170254,0.0894924,-0.0144558,0.0859701,-0.011895,0.0832477,-0.0100826,0.0821131,-0.00939015,0.0789588,-0.00784034,0.0772772,-0.00724735,0.0752923,-0.00678893,0.0735286,-0.00650454,0.0727175,-0.00648181,0.0723826,-0.00647931,0.0698859,-0.00669671,0.0682733,-0.00704038,0.0650141,-0.00741186,0.0635279,-0.00749267,0.0623915,-0.00752261,0.0618948,-0.00750971,0.0583846,-0.00709143,0.0563775,-0.00650845,0.053939,-0.00544583,0.0518563,-0.00401324,0.050957,-0.00317717,30,B08,2
0.149232,-0.060366,0.126189,-0.0463292,0.116622,-0.0383817,0.107604,-0.0300473,0.101222,-0.0241961,0.098626,-0.0219332,0.0918424,-0.0163317,0.0886429,-0.013853,0.0852866,-0.0113604,0.0827271,-0.0096183,0.0816438,-0.00894698,0.0786566,-0.00747949,0.0770727,-0.00693481,0.0751688,-0.00651688,0.0734752,-0.00632788,0.0726839,-0.00633063,0.0723537,-0.00633785,0.069915,-0.00657666,0.0682693,-0.00696704,0.0650275,-0.00737364,0.0635569,-0.00745052,0.0624691,-0.00747171,0.0619497,-0.00747134,0.0584366,-0.00704262,0.0564101,-0.00649855,0.0539871,-0.00543389,0.0518749,-0.00401809,0.0509687,-0.00317526,35,B08,2
0.146505,-0.0587337,0.123866,-0.0450446,0.11455,-0.0372397,0.105843,-0.0290412,0.0997238,-0.0233095,0.0972461,-0.0210995,0.0907745,-0.0156502,0.0877436,-0.0132428,0.084553,-0.0108259,0.0821306,-0.00914258,0.0811155,-0.00850183,0.0783047,-0.00709015,0.0768201,-0.00662743,0.0750183,-0.00626087,0.0733758,-0.0061259,0.0726159,-0.00613579,0.0722813,-0.0061482,0.0699126,-0.00647242,0.0682956,-0.00680095,0.0650798,-0.00730472,0.0636013,-0.00740126,0.0624694,-0.00743642,0.06199,-0.00743813,0.0585003,-0.00702064,0.0564661,-0.00648809,0.0540208,-0.00543214,0.0519399,-0.00402487,0.051015,-0.00316611,40,B08,2
0.144445,-0.0571798,0.122123,-0.0439604,0.113005,-0.036316,0.104536,-0.0282499,0.0986203,-0.0226239,0.0962373,-0.0204635,0.0900029,-0.0151236,0.0870823,-0.012767,0.0840294,-0.010418,0.0817038,-0.00876388,0.0807508,-0.00815606,0.0780918,-0.0068226,0.0766605,-0.00635484,0.074932,-0.00603455,0.0733546,-0.00596298,0.0726097,-0.0059965,0.0722922,-0.00602491,0.0699382,-0.00643654,0.068309,-0.00676904,0.0651425,-0.007272,0.0636691,-0.00737569,0.0625726,-0.00742187,0.0620482,-0.00740824,0.0585735,-0.00702527,0.0565327,-0.00647844,0.0541081,-0.00543719,0.0519924,-0.00403667,0.0510766,-0.00319829,45,B08,2
0.142329,-0.0562354,0.120368,-0.0431449,0.111464,-0.0355518,0.103229,-0.0275506,0.0975185,-0.0219915,0.0952204,-0.0198548,0.0892364,-0.0146203,0.086433,-0.0123132,0.0835118,-0.010015,0.0812985,-0.00842421,0.080368,-0.00781768,0.0778503,-0.00653621,0.0765089,-0.00610097,0.0748547,-0.0058306,0.0733466,-0.00582205,0.0726186,-0.00587003,0.0723026,-0.00591931,0.0699781,-0.00634842,0.0684005,-0.0066675,0.0652023,-0.00723069,0.0637484,-0.00734261,0.0626434,-0.0073981,0.0621207,-0.0073894,0.058623,-0.00702763,0.0566058,-0.00648963,0.054191,-0.00545363,0.0520769,-0.00403853,0.0511588,-0.00319681,50,B08,2
0.140609,-0.0559535,0.118973,-0.0427892,0.110236,-0.0351449,0.102215,-0.0271316,0.0966579,-0.0215747,0.0944369,-0.0194507,0.0886427,-0.0142511,0.085942,-0.0119779,0.083114,-0.00971439,0.0809876,-0.00815903,0.0801004,-0.00757212,0.0776653,-0.00629792,0.0763861,-0.00589157,0.0748079,-0.00566604,0.0733441,-0.00568724,0.0726052,-0.00574735,0.0722973,-0.00578053,0.0699905,-0.00627192,0.0684297,-0.00661973,0.0652568,-0.00719231,0.0638002,-0.00731296,0.062695,-0.00735239,0.0621613,-0.00735187,0.0587142,-0.00698439,0.0566728,-0.00648325,0.0542445,-0.00547346,0.0521315,-0.00406838,0.0512136,-0.00323004,55,B08,2
0.175767,-0.083051,0.147193,-0.061908,0.134867,-0.0512669,0.122868,-0.0405487,0.114058,-0.0330414,0.110395,-0.0300728,0.100853,-0.0227882,0.0962823,-0.01953,0.0913737,-0.0162633,0.0875123,-0.0139295,0.08586,-0.0130081,0.0812388,-0.0106702,0.0788715,-0.00955021,0.0762858,-0.00837358,0.0742547,-0.00760576,0.0733788,-0.00738026,0.0730081,-0.00728931,0.0704529,-0.00725158,0.0687078,-0.00740503,0.0654156,-0.00763224,0.0639012,-0.00764418,0.0627679,-0.00762847,0.0622636,-0.0075806,0.0587347,-0.00701973,0.0567452,-0.0063876,0.0544315,-0.00527955,0.0524471,-0.00383783,0.0515694,-0.0030397,5,B08,2
0.139439,-0.0589688,0.117551,-0.0441903,0.108869,-0.0359566,0.100944,-0.0274569,0.0955085,-0.0216298,0.0933425,-0.0194275,0.08772,-0.0140823,0.0851028,-0.0117742,0.0823741,-0.00949384,0.0803338,-0.00792189,0.0794773,-0.00734661,0.0771511,-0.00607987,0.0759381,-0.0056937,0.0744253,-0.00548565,0.0730272,-0.0055009,0.0723254,-0.00556956,0.072023,-0.00561766,0.0697958,-0.0060982,0.0682549,-0.00645823,0.0651216,-0.00707175,0.0637026,-0.00720025,0.0626086,-0.00727721,0.0620952,-0.00724472,0.0586655,-0.00692754,0.0566645,-0.0064302,0.0542371,-0.00541693,0.0521235,-0.00404228,0.0512148,-0.0031918,60,B08,2
0.140535,-0.0651184,0.11801,-0.0477325,0.109137,-0.0385102,0.101036,-0.0291068,0.0954895,-0.022724,0.0933028,-0.0203238,0.0876035,-0.0145601,0.0849647,-0.012095,0.0822252,-0.00968938,0.0801726,-0.00803063,0.079324,-0.00742121,0.0770255,-0.00611179,0.075793,-0.00567453,0.0743135,-0.00544442,0.0729209,-0.00544457,0.0722317,-0.0055226,0.0719359,-0.00556881,0.0697336,-0.00610212,0.0681928,-0.0064463,0.065094,-0.007016,0.0636718,-0.007176,0.0626031,-0.00722861,0.0620973,-0.0072524,0.0586597,-0.00692151,0.0566862,-0.006419,0.0542398,-0.00541995,0.0521302,-0.00403486,0.0512288,-0.00321356,65,B08,2
0.139517,-0.0633024,0.116848,-0.0461182,0.108047,-0.037113,0.100117,-0.0280406,0.0947397,-0.0219106,0.0925988,-0.0196006,0.0870763,-0.014065,0.0845067,-0.0117003,0.0818536,-0.00938801,0.0798611,-0.00779945,0.0790272,-0.00720448,0.0767748,-0.00592256,0.0755958,-0.00553131,0.0741499,-0.00530319,0.0728032,-0.00533318,0.0721326,-0.00543034,0.0718394,-0.00549041,0.0696743,-0.0060001,0.0681474,-0.00637989,0.0650611,-0.00698579,0.063656,-0.00713985,0.0625801,-0.00720315,0.0620839,-0.0071978,0.0586744,-0.00692034,0.0566446,-0.00641573,0.0542232,-0.00542403,0.0520924,-0.00404467,0.0511834,-0.00322184,70,B08,2
0.136682,-0.0598676,0.114648,-0.0440679,0.10615,-0.0355282,0.098529,-0.026841,0.0933786,-0.0209542,0.0913513,-0.0187336,0.0860942,-0.0134465,0.0836462,-0.0111804,0.0811059,-0.00896566,0.079203,-0.00745173,0.0784087,-0.00688464,0.0762772,-0.00567046,0.0751465,-0.00528687,0.0737725,-0.00511076,0.0724558,-0.00513655,0.0718476,-0.00526843,0.0715582,-0.00531053,0.0694373,-0.00585851,0.0679393,-0.00629061,0.0649345,-0.00687589,0.0635351,-0.00702356,0.0624358,-0.00708809,0.0619554,-0.00710836,0.0586013,-0.00685549,0.0565749,-0.00637983,0.0541439,-0.00540656,0.0520155,-0.00401682,0.0511093,-0.00321061,75,B08,2
0.133908,-0.0570372,0.11228,-0.0420897,0.103971,-0.033889,0.0966308,-0.025533,0.091721,-0.0198807,0.0897895,-0.0177538,0.0848198,-0.0126965,0.082525,-0.010563,0.0801302,-0.00846554,0.0783154,-0.00702718,0.0775743,-0.00648797,0.0755591,-0.00534466,0.0745135,-0.00500663,0.0732124,-0.00484068,0.0719868,-0.00493613,0.0713701,-0.00500914,0.0710918,-0.00507195,0.069088,-0.00564702,0.0676468,-0.00608592,0.0646979,-0.00671683,0.0633481,-0.00691991,0.0623033,-0.00695181,0.061824,-0.00699912,0.0584509,-0.00675792,0.056478,-0.00632332,0.054037,-0.00536151,0.0519227,-0.00399237,0.0509894,-0.00317362,80,B08,2
0.131329,-0.0545766,0.110649,-0.0405872,0.102796,-0.0327392,0.0958222,-0.0246587,0.0911652,-0.0191654,0.0893406,-0.0171207,0.0846033,-0.0122277,0.0824163,-0.0101563,0.0801205,-0.00814519,0.0784,-0.00677911,0.0776827,-0.00626922,0.0757412,-0.00518513,0.0747182,-0.00485805,0.0734775,-0.00473644,0.0722757,-0.00486776,0.0716579,-0.00497539,0.0714,-0.00505658,0.0693761,-0.00564217,0.0679128,-0.00613609,0.0649395,-0.0067935,0.0635442,-0.00698452,0.0624814,-0.00705026,0.0619804,-0.00708284,0.0585935,-0.00687196,0.0565793,-0.00639583,0.0541256,-0.00546822,0.0519749,-0.00407527,0.051048,-0.00324894,85,B08,2
0.12862,-0.0521694,0.108405,-0.0387093,0.100732,-0.0311421,0.0940335,-0.0233444,0.089614,-0.0180681,0.0878876,-0.0160939,0.0834863,-0.0114434,0.0814493,-0.00949682,0.0793121,-0.00761618,0.0777027,-0.00634402,0.0770394,-0.00587546,0.0752122,-0.00487305,0.0742548,-0.00458321,0.0730937,-0.00449514,0.0719759,-0.00462045,0.0713943,-0.00477288,0.0711292,-0.00482537,0.0691701,-0.00548247,0.0677507,-0.00601652,0.0648443,-0.00666141,0.0634923,-0.00689465,0.0624282,-0.00697353,0.0619351,-0.00700283,0.0585335,-0.00680146,0.0565391,-0.00638973,0.0540943,-0.00543885,0.0519379,-0.00408468,0.0510044,-0.00325286,90,B08,2
0.125469,-0.0508152,0.106412,-0.037646,0.0992774,-0.0302176,0.0929951,-0.0225344,0.0888861,-0.0173633,0.0872858,-0.0154332,0.0831836,-0.0108931,0.0812838,-0.00902128,0.0793015,-0.00722889,0.0777941,-0.00601793,0.0771626,-0.00557857,0.0754401,-0.00466198,0.0745326,-0.00441742,0.0733885,-0.00433126,0.0723099,-0.00455127,0.07175,-0.00471311,0.0714965,-0.00479961,0.0695325,-0.00552912,0.0681083,-0.00605144,0.065127,-0.00677481,0.0637432,-0.00698973,0.0626806,-0.00707811,0.0621927,-0.00714736,0.0587607,-0.00694625,0.0566932,-0.00651407,0.0541865,-0.00555387,0.0520055,-0.00416375,0.0510625,-0.00332391,95,B08,2
0.133586,-0.131834,0.11265,-0.0807967,0.104006,-0.0615462,0.0951759,-0.0442047,0.088625,-0.0332394,0.0859694,-0.0292349,0.0789752,-0.0197446,0.075822,-0.0157997,0.0726674,-0.0120174,0.0704146,-0.00944515,0.0695265,-0.00850146,0.0672453,-0.00639716,0.0661449,-0.00568509,0.0648017,-0.00511069,0.0636196,-0.00496408,0.0630425,-0.00499,0.062798,-0.00504324,0.060891,-0.00538097,0.0595212,-0.00571306,0.0567746,-0.00629596,0.0555025,-0.00643082,0.0545425,-0.00648254,0.0540885,-0.00648349,0.050908,-0.00624689,0.0489802,-0.00575465,0.0465839,-0.00459932,0.0444972,-0.00289654,0.0436195,-0.00184351,100,B09,1
0.158159,-0.0769612,0.131051,-0.0575135,0.119549,-0.0474386,0.108536,-0.0372398,0.100602,-0.0301151,0.0973389,-0.0273346,0.0888067,-0.0205146,0.0847499,-0.0174813,0.0804328,-0.0144307,0.0770802,-0.0122657,0.0756581,-0.0114238,0.0716939,-0.00934984,0.0696795,-0.00845399,0.0673787,-0.00750412,0.0655382,-0.00689215,0.0647079,-0.00671599,0.064357,-0.00664007,0.061986,-0.00659141,0.0604196,-0.00673527,0.0573641,-0.00691824,0.0559533,-0.00693494,0.0549213,-0.00690204,0.0544406,-0.00687399,0.0511913,-0.00626181,0.0493319,-0.00559055,0.047103,-0.00430675,0.0452285,-0.00255581,0.044413,-0.00151049,10,B09,1
0.154243,-0.0712965,0.128259,-0.0542365,0.117181,-0.0450127,0.106575,-0.0354464,0.0989456,-0.0287308,0.0958079,-0.0260886,0.0876294,-0.0195982,0.0837383,-0.0166912,0.0796242,-0.0137658,0.0764288,-0.0116823,0.0750774,-0.0108805,0.071335,-0.00892002,0.0693994,-0.00808206,0.0672047,-0.00725088,0.0654029,-0.00673356,0.0645783,-0.00653274,0.0642392,-0.00652627,0.0619119,-0.00648777,0.0603347,-0.00664821,0.057302,-0.00688198,0.0559425,-0.00689176,0.0548995,-0.00687774,0.0543879,-0.00684398,0.0511528,-0.00626902,0.0493223,-0.00560725,0.0470847,-0.00433378,0.0451564,-0.00258242,0.0443516,-0.0015416,15,B09,1
0.149918,-0.0672406,0.124872,-0.0514293,0.1143,-0.0426846,0.104223,-0.0335873,0.0969964,-0.0271827,0.0940399,-0.0246849,0.0863025,-0.0185066,0.0826417,-0.0157382,0.0787758,-0.0129509,0.0758015,-0.0109723,0.0745468,-0.0102139,0.0710672,-0.00840463,0.0692682,-0.0076495,0.067171,-0.00694028,0.0654033,-0.00651742,0.064623,-0.00639864,0.0643093,-0.00636466,0.0619628,-0.00642136,0.0603776,-0.00664452,0.057367,-0.00688678,0.0559726,-0.00689056,0.05495,-0.006897,0.0544734,-0.00684913,0.0512152,-0.00633418,0.0493191,-0.00566327,0.0470642,-0.00439684,0.0451238,-0.00265042,0.0442935,-0.0016004,20,B09,1
0.146635,-0.0645448,0.122331,-0.0495051,0.112104,-0.0410719,0.102406,-0.0322585,0.0955012,-0.0260732,0.0926713,-0.0236611,0.0852755,-0.0176964,0.0817892,-0.0150308,0.0781092,-0.01233,0.0753025,-0.0104291,0.0741119,-0.00969315,0.0708528,-0.00800668,0.069127,-0.00731906,0.0671261,-0.00670335,0.0654391,-0.00635131,0.0646543,-0.00625791,0.064315,-0.00624546,0.0620104,-0.00632642,0.0604567,-0.00656927,0.0574274,-0.00688443,0.0560597,-0.0069102,0.0550108,-0.0068961,0.0545359,-0.00684066,0.0512626,-0.00636545,0.049361,-0.0057192,0.0470781,-0.00446204,0.045107,-0.00270642,0.0442746,-0.00165402,25,B09,1
0.143608,-0.0622357,0.119691,-0.0477137,0.109772,-0.0395047,0.10045,-0.0309408,0.0938582,-0.0249451,0.0911615,-0.0226045,0.0841358,-0.0168511,0.0808322,-0.0142854,0.0773483,-0.0116929,0.0747124,-0.00986935,0.0735973,-0.00917384,0.0705449,-0.00757821,0.0689168,-0.00693899,0.0670347,-0.00642225,0.0654014,-0.00616184,0.0646428,-0.00610352,0.0643002,-0.00604969,0.0620324,-0.00623787,0.0604845,-0.00649504,0.0574598,-0.00682272,0.0560931,-0.00687935,0.0550354,-0.00687661,0.054585,-0.00684685,0.0513189,-0.0063553,0.0493967,-0.00573233,0.047092,-0.00449201,0.0451088,-0.00274816,0.0442806,-0.00171248,30,B09,1
0.141733,-0.0607044,0.118112,-0.0465859,0.108363,-0.0385217,0.0992843,-0.0301001,0.09289,-0.0242168,0.0902857,-0.0219355,0.0835004,-0.0163064,0.0803068,-0.0137907,0.0769737,-0.0112658,0.0744377,-0.00948663,0.0733786,-0.00882057,0.0704606,-0.00729811,0.0689229,-0.0067412,0.0670997,-0.00624667,0.0655078,-0.00602578,0.06476,-0.00601091,0.0644106,-0.00599208,0.0621414,-0.00623816,0.0606046,-0.00647474,0.0575773,-0.00682634,0.0562221,-0.00691388,0.0551459,-0.00687722,0.0546709,-0.00687612,0.0513949,-0.00639647,0.0494867,-0.00577187,0.0471505,-0.00450508,0.0451583,-0.00278052,0.0443183,-0.00171315,35,B09,1
0.140295,-0.0597337,0.116998,-0.0458673,0.107523,-0.0379006,0.0986977,-0.0295571,0.0924761,-0.0237293,0.0899583,-0.021481,0.0833639,-0.0159182,0.0802815,-0.013439,0.0770426,-0.0109455,0.0746006,-0.00921154,0.0735842,-0.00855524,0.0707844,-0.00709653,0.0692956,-0.00655021,0.0675227,-0.00614613,0.0659597,-0.00598386,0.0652053,-0.00596452,0.0648894,-0.0059842,0.0625894,-0.00628464,0.0610147,-0.00657578,0.0578941,-0.00696252,0.0565065,-0.0070244,0.0554498,-0.00703247,0.054945,-0.00700007,0.051607,-0.00648468,0.0496217,-0.0058906,0.047285,-0.00461961,0.0452698,-0.00283641,0.0444202,-0.00179267,40,B09,1
0.137814,-0.0580905,0.114923,-0.0447008,0.105646,-0.0368895,0.0970782,-0.0286802,0.0910849,-0.0229579,0.0886601,-0.0207595,0.0823349,-0.0153326,0.0793759,-0.0129315,0.0762854,-0.010507,0.073956,-0.00882824,0.0729796,-0.00818464,0.0703277,-0.00678134,0.0689029,-0.00625391,0.0672232,-0.0059151,0.065708,-0.00581124,0.0649759,-0.00582107,0.0646756,-0.00585558,0.0624027,-0.00613853,0.0608396,-0.00647382,0.0578175,-0.00683857,0.0564105,-0.00695639,0.0553777,-0.00693016,0.0548627,-0.0069142,0.0516116,-0.00645769,0.0496348,-0.0058399,0.0472816,-0.00457353,0.0452696,-0.00283852,0.044435,-0.00178292,45,B09,1
0.135094,-0.0574159,0.112722,-0.0440093,0.103728,-0.0361841,0.0954472,-0.0279889,0.089686,-0.0223137,0.0873664,-0.02014,0.0813159,-0.0147947,0.078488,-0.0124425,0.0755294,-0.010076,0.0733264,-0.00844222,0.0723971,-0.00783253,0.0698837,-0.006486,0.0685465,-0.00601378,0.0669286,-0.00567956,0.0654857,-0.00559065,0.0647764,-0.00564957,0.064469,-0.00566944,0.0622577,-0.00605246,0.0607578,-0.00628072,0.0577391,-0.006773,0.0563364,-0.0068692,0.0553146,-0.0068624,0.054846,-0.00682661,0.0515882,-0.00640834,0.0496058,-0.00578372,0.0472711,-0.00455172,0.0452595,-0.00280661,0.0444302,-0.00175419,50,B09,1
0.133049,-0.0583752,0.110866,-0.0442737,0.102044,-0.0362001,0.0939703,-0.027796,0.0883967,-0.0220176,0.086168,-0.0198187,0.0803428,-0.0144499,0.0776174,-0.0121047,0.0747814,-0.0097711,0.0726605,-0.00816171,0.0717734,-0.00754486,0.0693665,-0.00622789,0.0681151,-0.00579352,0.0665654,-0.00549406,0.0651531,-0.0054383,0.064471,-0.00546552,0.0641762,-0.00548821,0.0620168,-0.00584845,0.0605201,-0.006219,0.0575961,-0.00664337,0.0562153,-0.00675629,0.0551992,-0.00675652,0.0547398,-0.00673801,0.0514573,-0.00632385,0.0495767,-0.00572385,0.0472373,-0.00449513,0.0452513,-0.00277644,0.0444035,-0.00172576,55,B09,1
0.163546,-0.0793975,0.13524,-0.0598218,0.1231,-0.0495841,0.111426,-0.0391194,0.102961,-0.031762,0.0994716,-0.0288644,0.0903774,-0.0217476,0.0860431,-0.0185712,0.0814207,-0.0153829,0.0778114,-0.0130932,0.0762656,-0.0121998,0.0720009,-0.00993995,0.0698196,-0.00888478,0.0674342,-0.00782193,0.065542,-0.00707943,0.0647236,-0.00684961,0.0643675,-0.00679549,0.0619886,-0.00670142,0.060392,-0.0067809,0.0573147,-0.00695944,0.0559296,-0.00693108,0.054931,-0.00689467,0.0544264,-0.00685664,0.0512206,-0.00623563,0.0493309,-0.0055308,0.0471453,-0.00423983,0.0452815,-0.00248731,0.0444949,-0.00142987,5,B09,1
0.133104,-0.0656362,0.110218,-0.0482473,0.101231,-0.0389173,0.093058,-0.0294277,0.0874628,-0.0229973,0.0852519,-0.0205788,0.0794604,-0.0147499,0.0767791,-0.01225,0.0740001,-0.00979863,0.0719298,-0.0081227,0.0710621,-0.00748311,0.0687318,-0.0061066,0.0675129,-0.00564422,0.0660274,-0.00533767,0.0646549,-0.00527763,0.0640235,-0.00533444,0.063723,-0.00534728,0.0616154,-0.00578361,0.0601899,-0.00604988,0.0573025,-0.00647576,0.0559858,-0.00656623,0.0549757,-0.0065958,0.0545332,-0.00658269,0.0513702,-0.00620677,0.049444,-0.0056225,0.0471564,-0.00444222,0.0451763,-0.00271904,0.044337,-0.00168744,60,B09,1
0.131639,-0.0651076,0.108564,-0.0472499,0.0996158,-0.0379365,0.0915717,-0.028613,0.0861288,-0.0223336,0.0839595,-0.0199669,0.0783473,-0.0143219,0.0757401,-0.0118968,0.0730375,-0.00952214,0.071013,-0.00787666,0.0701686,-0.00725079,0.0679221,-0.0059163,0.0667329,-0.00545272,0.0653135,-0.00515316,0.0640047,-0.00508598,0.0633863,-0.00513014,0.0630903,-0.0051572,0.0610826,-0.00548718,0.0597158,-0.00580135,0.0569374,-0.00625648,0.0556605,-0.00634804,0.0546777,-0.00639053,0.054239,-0.00638939,0.051167,-0.00604283,0.0492882,-0.00550328,0.0470232,-0.00434593,0.045055,-0.00265418,0.0442166,-0.0016228,65,B09,1
0.12876,-0.0608137,0.106315,-0.0447205,0.0976697,-0.0359992,0.0899359,-0.0271628,0.0847261,-0.0212049,0.0826593,-0.0189558,0.0773228,-0.0135974,0.074841,-0.0113028,0.072267,-0.00904197,0.0703419,-0.00748481,0.069555,-0.0069114,0.0673994,-0.00562492,0.0662771,-0.0051827,0.0649476,-0.00492768,0.0636913,-0.00490647,0.0630666,-0.00495066,0.0628204,-0.00497321,0.060849,-0.00537057,0.0595185,-0.00568491,0.056799,-0.00613921,0.0555615,-0.00626264,0.0545839,-0.00632051,0.0541628,-0.00629616,0.0510752,-0.00601866,0.0492165,-0.00546931,0.0469508,-0.00431972,0.0449785,-0.00264714,0.0441356,-0.00161331,70,B09,1
0.126287,-0.0579409,0.104343,-0.0428646,0.095941,-0.03453,0.0884905,-0.02603,0.0835063,-0.0202996,0.0815438,-0.0181379,0.0764528,-0.0130016,0.0740997,-0.0108006,0.0716352,-0.00864233,0.0698008,-0.00716387,0.0690338,-0.00658471,0.0669903,-0.00537646,0.0659322,-0.00497846,0.0646382,-0.00470424,0.0634584,-0.00474799,0.0628753,-0.00480308,0.0626077,-0.00481551,0.0607093,-0.00521803,0.059405,-0.0055685,0.0567001,-0.00603445,0.0554724,-0.00617205,0.0545355,-0.00622593,0.0541084,-0.00626636,0.0510901,-0.00593179,0.049205,-0.00544359,0.0469436,-0.00430279,0.0449511,-0.00265226,0.0441036,-0.00161195,75,B09,1
0.123964,-0.0555035,0.10262,-0.0411617,0.0945182,-0.0331278,0.0873753,-0.0249346,0.0826124,-0.0194077,0.0807329,-0.0173243,0.0758963,-0.0123963,0.073662,-0.0103031,0.071318,-0.008243,0.0695629,-0.00682047,0.0688382,-0.0062958,0.066888,-0.00515276,0.0658693,-0.00477023,0.0646398,-0.00455254,0.0634914,-0.00457091,0.0629225,-0.00464274,0.0626677,-0.00470065,0.0608222,-0.00521652,0.0594798,-0.00551985,0.0568188,-0.0060832,0.0555938,-0.00619949,0.0546822,-0.00626893,0.0541813,-0.00627286,0.0511223,-0.00598389,0.0492613,-0.00551845,0.0469814,-0.00439654,0.0449745,-0.00270451,0.0441066,-0.00165984,80,B09,1
0.121758,-0.053082,0.101034,-0.0394893,0.0931685,-0.0317809,0.086306,-0.0238652,0.0817612,-0.0185435,0.0799693,-0.0165445,0.0753781,-0.0118137,0.0732466,-0.0098093,0.0710277,-0.00786003,0.0693534,-0.00652356,0.0686702,-0.00602736,0.0668014,-0.00493454,0.0658329,-0.00459026,0.0646393,-0.0044071,0.0635751,-0.00450445,0.0630007,-0.0045779,0.0627489,-0.00463463,0.0609105,-0.00512868,0.0596135,-0.00548714,0.0569214,-0.00602845,0.0556961,-0.00620669,0.0547443,-0.00627393,0.0542835,-0.00626356,0.0512051,-0.00603601,0.0493371,-0.00553576,0.0470213,-0.00441541,0.0450018,-0.00274079,0.0441334,-0.00171208,85,B09,1
0.11884,-0.0507625,0.0990307,-0.03773,0.0915725,-0.0303011,0.0850752,-0.0226664,0.0808124,-0.0175458,0.0791419,-0.0156254,0.0748757,-0.0111198,0.0728932,-0.00922427,0.0708207,-0.00738922,0.0692609,-0.00615555,0.068611,-0.00568224,0.0668434,-0.0046872,0.0659201,-0.00437473,0.0648096,-0.00423366,0.0637436,-0.00437228,0.0632036,-0.00445808,0.0629573,-0.00451876,0.0611304,-0.00506825,0.0598483,-0.00546714,0.0571566,-0.00609429,0.05591,-0.0062374,0.0549361,-0.0063473,0.054514,-0.00636008,0.0513632,-0.0061425,0.049454,-0.00561867,0.0471098,-0.0045257,0.0450724,-0.00282417,0.0442048,-0.00178344,90,B09,1
0.115946,-0.0502715,0.096962,-0.0369344,0.0898957,-0.0294898,0.0838157,-0.0218997,0.0798355,-0.0168175,0.0782869,-0.014939,0.0743425,-0.0105203,0.0725126,-0.00870477,0.0706028,-0.00696166,0.0691456,-0.00577808,0.0685443,-0.00535559,0.0668917,-0.00445208,0.066017,-0.00417879,0.0649424,-0.00406853,0.0639137,-0.00422473,0.0633858,-0.004354,0.0631619,-0.00442894,0.0613794,-0.00502893,0.0600612,-0.0055365,0.0573652,-0.00612083,0.0561324,-0.00629885,0.0551193,-0.00638537,0.0546774,-0.00642458,0.0515281,-0.00616531,0.0495868,-0.00571754,0.047214,-0.00459562,0.0451202,-0.0028924,0.0442525,-0.00186059,95,B09,1
0.123399,-0.0976511,0.104142,-0.0602477,0.0967868,-0.0456309,0.0899653,-0.0325574,0.0851313,-0.0243938,0.0831792,-0.0214496,0.0780626,-0.0146383,0.0756918,-0.0118621,0.0732522,-0.00923001,0.0714518,-0.00745582,0.0707013,-0.00679429,0.068745,-0.00539657,0.0677413,-0.0049412,0.0665075,-0.0046972,0.0653857,-0.00471499,0.0648085,-0.0048413,0.064558,-0.00486937,0.0626076,-0.00539017,0.0612202,-0.00584966,0.0584206,-0.00643635,0.057139,-0.00663911,0.056097,-0.00669895,0.0556597,-0.00670305,0.0523804,-0.006537,0.0504122,-0.00608691,0.047971,-0.0050548,0.045827,-0.00351391,0.0449275,-0.00256269,100,B09,2
0.155864,-0.0726239,0.129569,-0.0550307,0.118376,-0.0455679,0.107688,-0.0358127,0.100037,-0.0289823,0.0968831,-0.0263088,0.0886761,-0.0198074,0.0847458,-0.0169182,0.0805522,-0.014024,0.0772633,-0.0119691,0.07586,-0.0111667,0.0719633,-0.00922531,0.069907,-0.00832942,0.0676236,-0.00742264,0.0657708,-0.00681365,0.0649497,-0.00659678,0.0646274,-0.00655695,0.0622833,-0.00645373,0.0607419,-0.00658099,0.0578144,-0.00674175,0.0564784,-0.00674844,0.0554873,-0.00670939,0.0550101,-0.00668098,0.0519147,-0.0061617,0.0501055,-0.00557753,0.047933,-0.00442695,0.0460801,-0.00290273,0.045275,-0.00198241,10,B09,2
0.151764,-0.0702395,0.126386,-0.0531465,0.115623,-0.0439258,0.105404,-0.0344062,0.0981127,-0.0277479,0.095141,-0.025176,0.0873344,-0.0188626,0.0836295,-0.0160699,0.0796806,-0.0132882,0.0765955,-0.0113116,0.0752732,-0.0105435,0.0716228,-0.0087245,0.0697032,-0.00792641,0.067526,-0.00714209,0.0657226,-0.0066356,0.0648889,-0.00645138,0.0645848,-0.00639306,0.0622815,-0.00634466,0.0607611,-0.00649872,0.057804,-0.00669833,0.0564786,-0.00673705,0.05548,-0.00669539,0.0550194,-0.00666606,0.051877,-0.00617344,0.0500892,-0.00560556,0.0478826,-0.00448262,0.0460092,-0.00294174,0.0452059,-0.00202331,15,B09,2
0.147657,-0.0662183,0.123146,-0.0503915,0.112831,-0.0416739,0.103088,-0.0326107,0.0961838,-0.0262638,0.093359,-0.0238045,0.0860105,-0.0177943,0.0825255,-0.0151297,0.0788186,-0.012473,0.0759622,-0.0106067,0.0747419,-0.00989321,0.0713571,-0.00820835,0.0695615,-0.00750717,0.0675054,-0.0068637,0.0657394,-0.00641867,0.0649449,-0.00629977,0.0646389,-0.00628623,0.0623302,-0.00625836,0.0608077,-0.00646511,0.0578628,-0.006709,0.056538,-0.00673062,0.0555348,-0.00672598,0.0550666,-0.00667076,0.0519527,-0.00623883,0.0501086,-0.00567918,0.047886,-0.00455203,0.04596,-0.00300319,0.0451463,-0.00207003,20,B09,2
0.144567,-0.0633851,0.120774,-0.0484601,0.110795,-0.0400756,0.101418,-0.0313198,0.0948083,-0.0251939,0.0921152,-0.0228229,0.0850827,-0.0170164,0.0817618,-0.0144525,0.0782343,-0.0118795,0.0755311,-0.0100927,0.0743859,-0.00940427,0.0711838,-0.00780223,0.0695205,-0.00718888,0.0675271,-0.00661284,0.0658185,-0.00625081,0.0650524,-0.00616556,0.064724,-0.00617859,0.0624198,-0.00622522,0.0609261,-0.00642103,0.057954,-0.00670488,0.0566292,-0.00676429,0.0556414,-0.00674503,0.0551803,-0.0067307,0.0520109,-0.00629168,0.0501483,-0.00572365,0.0479196,-0.00463148,0.0459554,-0.00307713,0.0451436,-0.00214128,25,B09,2
0.141507,-0.0611035,0.118163,-0.0467398,0.108492,-0.0385788,0.0994689,-0.0300518,0.0931569,-0.0241007,0.0905942,-0.0218126,0.0839186,-0.0162073,0.0807686,-0.0137265,0.0774479,-0.0112606,0.0748974,-0.00952343,0.0738251,-0.00886892,0.0708497,-0.00737996,0.0692715,-0.00681445,0.0674067,-0.00632402,0.0657615,-0.00603189,0.0650071,-0.00597505,0.0646765,-0.00595507,0.0624257,-0.00616053,0.060933,-0.00633743,0.0579928,-0.00665819,0.0566892,-0.0067306,0.0556888,-0.00672608,0.0552249,-0.00670226,0.0520498,-0.00628373,0.0501932,-0.00575627,0.0479286,-0.00465845,0.0459616,-0.00312231,0.0451234,-0.00218136,30,B09,2
0.139033,-0.0593732,0.11613,-0.0454746,0.106709,-0.0375018,0.097984,-0.0291443,0.0918962,-0.0233149,0.0894381,-0.0210807,0.0830247,-0.015607,0.0800162,-0.0132032,0.0768372,-0.010802,0.0744129,-0.00912637,0.0733956,-0.00849396,0.0705633,-0.00705168,0.0690745,-0.00653781,0.0672777,-0.00608771,0.0656917,-0.00587734,0.0649495,-0.00584367,0.0646406,-0.00585231,0.0624005,-0.00600843,0.0609181,-0.00627689,0.0580117,-0.0066276,0.0567192,-0.0066651,0.0557057,-0.00668021,0.0552433,-0.00665309,0.0520842,-0.00627777,0.0502314,-0.00577893,0.0479558,-0.00464656,0.0459985,-0.0031054,0.0451646,-0.00218375,35,B09,2
0.136733,-0.0577806,0.114153,-0.0443007,0.10495,-0.0364745,0.0964893,-0.02826,0.090625,-0.022543,0.0882662,-0.0203559,0.0821205,-0.0150141,0.0792325,-0.0126812,0.0761978,-0.0103463,0.0738969,-0.0087285,0.0729258,-0.00810315,0.0702584,-0.00672439,0.0688434,-0.00625646,0.0671367,-0.00588265,0.0656109,-0.00571273,0.064882,-0.00571786,0.0645964,-0.00570268,0.0623784,-0.00591828,0.0609259,-0.00618521,0.058036,-0.00656618,0.0567324,-0.00663354,0.0557199,-0.00664122,0.0552803,-0.00663234,0.0521267,-0.00624339,0.0502676,-0.00572775,0.0479894,-0.00465279,0.0460429,-0.00313626,0.0451863,-0.0021923,40,B09,2
0.134789,-0.0562814,0.112575,-0.0432954,0.103567,-0.035629,0.0953247,-0.0275515,0.0896381,-0.0219396,0.087354,-0.0197995,0.08141,-0.0145632,0.0786248,-0.0122694,0.0757011,-0.00998962,0.0734883,-0.00839844,0.0725614,-0.00780102,0.0700208,-0.00649952,0.068653,-0.00603676,0.0670175,-0.00568322,0.06556,-0.00559441,0.0648312,-0.00556938,0.0645331,-0.00557912,0.0623943,-0.00586408,0.0609502,-0.00609877,0.0580547,-0.00652767,0.0567502,-0.00660865,0.0557338,-0.00661612,0.0552602,-0.00659925,0.0521493,-0.00625041,0.0502904,-0.00571927,0.0480374,-0.00464993,0.046068,-0.00310751,0.0452326,-0.00219967,45,B09,2
0.132782,-0.0556891,0.110892,-0.0426904,0.1021,-0.035015,0.0940762,-0.0269646,0.0885862,-0.0214063,0.0863739,-0.0192713,0.0806605,-0.0141243,0.0779794,-0.0118749,0.0751763,-0.00963643,0.0730551,-0.00808705,0.0721674,-0.00750581,0.0697372,-0.00623329,0.0684521,-0.00579101,0.0668756,-0.00548382,0.0654583,-0.00541555,0.0647773,-0.00541494,0.0644831,-0.00545999,0.0623616,-0.00576792,0.060936,-0.00609265,0.0580645,-0.00645469,0.0567613,-0.00656329,0.0557826,-0.00659053,0.0553196,-0.00657085,0.0521813,-0.00623607,0.0503367,-0.00572043,0.0480817,-0.0046549,0.0460936,-0.00314043,0.0452675,-0.00219538,50,B09,2
0.131378,-0.0565547,0.10966,-0.0429758,0.100995,-0.0351027,0.09314,-0.0268602,0.087787,-0.0212118,0.0856478,-0.019067,0.0800859,-0.0138839,0.0774833,-0.0116311,0.0747704,-0.00941746,0.0727231,-0.00787916,0.0718627,-0.00729639,0.0695335,-0.00604898,0.068294,-0.00563365,0.0667687,-0.00533375,0.065394,-0.00527977,0.0647281,-0.00530753,0.0644237,-0.00535545,0.0623261,-0.00566639,0.0609261,-0.00597413,0.0580829,-0.00643823,0.0567753,-0.00654546,0.0557842,-0.00654211,0.0553547,-0.00651911,0.0522181,-0.00620979,0.050355,-0.00570102,0.0481059,-0.00464242,0.0461216,-0.00313868,0.0452889,-0.00219917,55,B09,2
0.161622,-0.0820203,0.133782,-0.0606278,0.121902,-0.0498078,0.110542,-0.0389123,0.102357,-0.0313729,0.0989875,-0.0284389,0.09021,-0.0213342,0.0860148,-0.0182082,0.0815145,-0.015094,0.0779792,-0.0128943,0.0764535,-0.0120214,0.0722266,-0.00985365,0.0700364,-0.00883431,0.0676276,-0.00775412,0.0657345,-0.00700348,0.0649083,-0.00674155,0.0645682,-0.00665587,0.0622768,-0.00650926,0.0607215,-0.00660736,0.057753,-0.00672255,0.0564345,-0.0067367,0.05546,-0.00665251,0.0549917,-0.00665919,0.051906,-0.00612236,0.0501225,-0.00550339,0.0479786,-0.0043694,0.046165,-0.00283076,0.0453775,-0.00191626,5,B09,2
0.132339,-0.0650513,0.109666,-0.0474044,0.100816,-0.0380717,0.0928233,-0.0286624,0.0874221,-0.0223311,0.0852709,-0.0199604,0.0797004,-0.0142791,0.0771146,-0.0118697,0.0744298,-0.00951718,0.0724079,-0.00790073,0.0715551,-0.00729605,0.0692742,-0.00600193,0.0680633,-0.00555776,0.0665877,-0.00525547,0.0652306,-0.00520965,0.0645827,-0.0052525,0.0643032,-0.00527126,0.0622175,-0.00562429,0.0607968,-0.00598571,0.0580012,-0.00637155,0.0567483,-0.00645785,0.0557558,-0.00650796,0.0553079,-0.00649887,0.052226,-0.00616919,0.0503726,-0.00569971,0.0480946,-0.00464476,0.0461226,-0.00313448,0.0452863,-0.00220658,60,B09,2
0.132038,-0.0656367,0.109206,-0.0474727,0.100318,-0.0380322,0.092311,-0.0285757,0.0869128,-0.0222476,0.0847744,-0.0198592,0.0792414,-0.0142056,0.0766791,-0.0117994,0.0740036,-0.00944888,0.0719901,-0.00783912,0.0711559,-0.00723265,0.0688899,-0.00591412,0.0677156,-0.00547524,0.0662642,-0.00518004,0.0649463,-0.00513995,0.0643077,-0.00513767,0.0640346,-0.00516683,0.0620039,-0.00554662,0.0606086,-0.00580607,0.0578724,-0.00624593,0.0566078,-0.00636939,0.0556765,-0.00639818,0.0551778,-0.00642013,0.05212,-0.00612934,0.0503127,-0.00565511,0.0480483,-0.00462343,0.0460781,-0.0030978,0.0452256,-0.0022045,65,B09,2
0.12946,-0.0606486,0.107067,-0.0445014,0.0984282,-0.0357718,0.0907553,-0.0269419,0.0856042,-0.0210066,0.0835643,-0.0187732,0.0783036,-0.0134623,0.0758597,-0.0112017,0.0733016,-0.00897342,0.0713864,-0.00744937,0.0705965,-0.00688962,0.0684389,-0.0056377,0.0673043,-0.00521351,0.0659389,-0.00497536,0.064676,-0.00494689,0.0640604,-0.004995,0.0637727,-0.00502457,0.0618174,-0.00536446,0.0604756,-0.00570941,0.0577442,-0.00616688,0.0565313,-0.00628418,0.0555813,-0.00633652,0.0551229,-0.00632771,0.0521059,-0.0060828,0.0502673,-0.00561902,0.0480112,-0.00461128,0.0460175,-0.00309893,0.0451658,-0.00218721,70,B09,2
0.127513,-0.0581628,0.105607,-0.0429493,0.0972157,-0.0345701,0.089781,-0.0260241,0.0848216,-0.0202718,0.0828623,-0.0181134,0.077803,-0.0129729,0.0754513,-0.0107961,0.0729957,-0.00865814,0.0711516,-0.00719147,0.0703797,-0.00664351,0.068303,-0.00544692,0.0672171,-0.00504291,0.0659034,-0.00483001,0.0646632,-0.00483467,0.0640572,-0.00485259,0.0638124,-0.00493506,0.0618607,-0.00531111,0.0605209,-0.00569307,0.0578324,-0.00615997,0.0565776,-0.00628985,0.0556297,-0.00633498,0.0551972,-0.00635019,0.0521007,-0.00608971,0.0502815,-0.00565373,0.0480037,-0.00463791,0.0460124,-0.00314841,0.045163,-0.00222695,75,B09,2
0.125515,-0.0559269,0.104067,-0.0413772,0.0958966,-0.0332509,0.0887448,-0.0250044,0.0839817,-0.0194339,0.0821005,-0.0173503,0.077275,-0.0124183,0.0750296,-0.0103284,0.0726815,-0.00828145,0.0709163,-0.006886,0.0701905,-0.00636304,0.0682115,-0.00523203,0.0671628,-0.00485825,0.0658953,-0.00467442,0.0646952,-0.00470919,0.064134,-0.00478804,0.0638746,-0.00480922,0.061948,-0.00526644,0.0606279,-0.00565534,0.0579258,-0.00618071,0.0566709,-0.00631464,0.055714,-0.00636781,0.055267,-0.0063846,0.0522054,-0.00612783,0.0503303,-0.00570368,0.048013,-0.00470176,0.0460038,-0.00319834,0.0451516,-0.00227362,80,B09,2
0.123506,-0.053602,0.102656,-0.0398213,0.0947538,-0.0320215,0.0878513,-0.0240353,0.0832888,-0.0186545,0.0814943,-0.0166462,0.0768879,-0.011898,0.0747454,-0.00988611,0.0725072,-0.00794307,0.0708187,-0.00660735,0.0701215,-0.00611,0.0682129,-0.00503128,0.0672117,-0.00469482,0.065989,-0.00452429,0.0648567,-0.00461538,0.0642746,-0.00470203,0.0640152,-0.00473232,0.0621383,-0.00522144,0.0607955,-0.00564316,0.0580848,-0.00619468,0.0568167,-0.00633993,0.0558547,-0.00642469,0.0554086,-0.00643717,0.0523229,-0.00619893,0.050418,-0.00577331,0.0480808,-0.00475206,0.0460535,-0.00326552,0.045164,-0.0023235,85,B09,2
0.121127,-0.0515648,0.101201,-0.0383362,0.0936912,-0.030775,0.087147,-0.0230206,0.0828316,-0.0178278,0.0811421,-0.015879,0.0767994,-0.0113171,0.0747823,-0.00940195,0.072672,-0.00755056,0.0710686,-0.00629278,0.0704078,-0.00583682,0.0685903,-0.00484061,0.0676293,-0.00455352,0.0664395,-0.00442959,0.0653244,-0.00452389,0.0647539,-0.00466882,0.0645047,-0.00471059,0.0626112,-0.00527073,0.061264,-0.00572129,0.0584519,-0.0063325,0.0571683,-0.0064832,0.0561976,-0.00658487,0.0557576,-0.00657986,0.0525382,-0.00637639,0.0506166,-0.00594046,0.0482205,-0.00491236,0.0461585,-0.00338937,0.0452458,-0.0024507,90,B09,2
0.11781,-0.0497146,0.0986333,-0.0367983,0.0914698,-0.0294458,0.085316,-0.0218995,0.0813103,-0.0168456,0.0797624,-0.0149771,0.0757789,-0.0105787,0.0739346,-0.00876276,0.0719927,-0.00703089,0.0705294,-0.00586334,0.0698985,-0.00543787,0.0682089,-0.00453821,0.0673219,-0.0042823,0.0662029,-0.00419276,0.0651398,-0.00434106,0.064605,-0.00447761,0.0643719,-0.00456701,0.0625309,-0.0051636,0.061225,-0.00562366,0.0584614,-0.00625533,0.0571554,-0.00643638,0.0561762,-0.00655065,0.0557374,-0.00653748,0.0525452,-0.00638101,0.0506119,-0.00593298,0.048226,-0.00494025,0.0461281,-0.00342166,0.045235,-0.00248276,95,B09,2
0.252749,-0.373443,0.191369,-0.234534,0.166299,-0.189323,0.136965,-0.133294,0.116909,-0.0969447,0.109349,-0.0835376,0.0920807,-0.0515378,0.0854768,-0.0387834,0.0796373,-0.0271723,0.0758718,-0.0198111,0.0744514,-0.0171886,0.0709635,-0.0115027,0.0693614,-0.00946894,0.06757,-0.00780407,0.0660414,-0.00692682,0.0653524,-0.00674881,0.0650377,-0.00668057,0.0627776,-0.00674499,0.061146,-0.00700158,0.0579415,-0.00733105,0.0564667,-0.0073957,0.055377,-0.00736042,0.0548631,-0.00733462,0.0513788,-0.00682185,0.0493617,-0.00610108,0.046979,-0.0048066,0.0449687,-0.00305437,0.0441079,-0.00200881,100,B10,1
0.166757,-0.0776398,0.13896,-0.0587477,0.127051,-0.0488501,0.115474,-0.0387248,0.106992,-0.0315536,0.103495,-0.0287225,0.0943589,-0.0216908,0.0900276,-0.0185274,0.0854127,-0.0153364,0.0818202,-0.013067,0.0802881,-0.0121721,0.0760625,-0.0100318,0.0738652,-0.00905402,0.0714019,-0.00808814,0.069408,-0.00749683,0.068534,-0.00734237,0.0681518,-0.00726897,0.0655201,-0.00731094,0.0637095,-0.00746699,0.0602834,-0.00770967,0.058723,-0.00771811,0.0575689,-0.0076295,0.0570427,-0.00757885,0.0534928,-0.00685301,0.0515393,-0.00603401,0.0492687,-0.00466431,0.0473818,-0.00292876,0.0465775,-0.00191398,10,B10,1
0.162166,-0.0737392,0.135452,-0.0560397,0.124037,-0.0466271,0.112971,-0.0369287,0.104907,-0.030072,0.101589,-0.0273646,0.0928886,-0.0206198,0.0887818,-0.017595,0.0844208,-0.0145232,0.0810514,-0.0123583,0.0796192,-0.0115069,0.0756545,-0.00950836,0.0735966,-0.00863728,0.0712279,-0.00781049,0.0692835,-0.00730992,0.0684117,-0.00715382,0.0680236,-0.00709606,0.0654123,-0.00723151,0.0636459,-0.00741245,0.0602458,-0.00766431,0.0586981,-0.00768602,0.0575269,-0.00761953,0.0570167,-0.00756818,0.0534374,-0.00681872,0.05147,-0.00604969,0.049202,-0.00468317,0.0473012,-0.00296445,0.046496,-0.0019464,15,B10,1
0.157435,-0.069422,0.131755,-0.0530492,0.120875,-0.0441552,0.110384,-0.0349225,0.102774,-0.0284121,0.0996393,-0.0258495,0.0914452,-0.0194471,0.0875663,-0.0165513,0.083488,-0.0136532,0.0803488,-0.0115889,0.0790072,-0.0107864,0.0753292,-0.00894355,0.0733944,-0.00818841,0.0711578,-0.00749168,0.0692808,-0.00707968,0.0683879,-0.0070005,0.0680519,-0.00697802,0.0654349,-0.00713387,0.0636404,-0.00735852,0.0602365,-0.00766552,0.0586778,-0.0076948,0.0575202,-0.00763933,0.0569819,-0.00758701,0.0534074,-0.00686177,0.0514516,-0.00608962,0.0491519,-0.00474163,0.0472158,-0.00301057,0.0464118,-0.00199596,20,B10,1
0.153747,-0.06661,0.128849,-0.051025,0.118372,-0.0424475,0.108323,-0.0335064,0.101055,-0.0272061,0.0980668,-0.0247313,0.090274,-0.0185601,0.0865853,-0.0157744,0.0827216,-0.0129797,0.0797532,-0.010998,0.0785076,-0.0102458,0.0750397,-0.00849945,0.0732167,-0.00783783,0.0710805,-0.0072308,0.0692445,-0.00690326,0.0683801,-0.00685169,0.0680185,-0.00681131,0.0654276,-0.00704893,0.0636748,-0.00731758,0.0602705,-0.00762345,0.0587197,-0.00766316,0.0575584,-0.00762412,0.0570191,-0.00755925,0.0534511,-0.00690108,0.0514539,-0.0061308,0.0491275,-0.00478508,0.047195,-0.00302948,0.0463624,-0.00204385,25,B10,1
0.150158,-0.0644799,0.125728,-0.0492842,0.115595,-0.0408669,0.105971,-0.0321147,0.0990733,-0.0259744,0.0962544,-0.0235817,0.0888849,-0.0176215,0.0854095,-0.0149379,0.0817758,-0.0122441,0.0789992,-0.0103614,0.0778431,-0.00964133,0.0746196,-0.00802071,0.0729054,-0.00742467,0.0708608,-0.00690378,0.0691231,-0.00670115,0.0682828,-0.00666109,0.0679307,-0.00666668,0.0653497,-0.00696242,0.0636349,-0.00719829,0.0602423,-0.00757217,0.0587315,-0.00760451,0.0575534,-0.00760519,0.0570267,-0.00753092,0.0534621,-0.00688115,0.0514638,-0.00613097,0.0491353,-0.004811,0.0471628,-0.00307922,0.04635,-0.00204584,30,B10,1
0.147139,-0.0626974,0.123286,-0.0479276,0.113455,-0.0396659,0.104177,-0.0310749,0.0975634,-0.0250559,0.0948724,-0.0227107,0.0878309,-0.0169,0.0845257,-0.014305,0.0810676,-0.0116955,0.0784355,-0.00987342,0.0773292,-0.00918335,0.0742903,-0.00764226,0.072688,-0.00711334,0.0707539,-0.00669515,0.0690129,-0.00648366,0.0682142,-0.00651477,0.0678593,-0.00653223,0.0653263,-0.00681746,0.0636099,-0.00714985,0.0602447,-0.00751169,0.058714,-0.00756292,0.0575766,-0.00755006,0.0570265,-0.00750939,0.0534895,-0.0068344,0.051477,-0.00612786,0.0491327,-0.00479183,0.0471838,-0.00306777,0.046368,-0.00205068,35,B10,1
0.144201,-0.0608355,0.120757,-0.0464661,0.11123,-0.0383664,0.102295,-0.0299345,0.0959755,-0.0240681,0.0933931,-0.021789,0.0866947,-0.0161506,0.0835566,-0.0136469,0.0802789,-0.0111341,0.077799,-0.00937363,0.0767613,-0.00871516,0.0739023,-0.00725775,0.0723982,-0.00676827,0.0705463,-0.00639846,0.0688939,-0.00628351,0.0681006,-0.00632072,0.0677723,-0.00639642,0.0652795,-0.00671352,0.0635645,-0.00705944,0.0602153,-0.00747583,0.0587066,-0.00751523,0.0575588,-0.00747926,0.0570203,-0.00744071,0.0535073,-0.00683041,0.0515053,-0.0061188,0.0491805,-0.00479253,0.0472002,-0.00307912,0.0463815,-0.00206601,40,B10,1
0.141708,-0.059007,0.118767,-0.0451899,0.109476,-0.0372824,0.100833,-0.0290401,0.0947491,-0.0232852,0.0922741,-0.0210689,0.0858398,-0.0155741,0.0828286,-0.0131341,0.0796875,-0.0106866,0.0773251,-0.00900109,0.0763289,-0.0083487,0.0736196,-0.00697386,0.0721874,-0.00651622,0.0704327,-0.00621512,0.0688065,-0.00613664,0.068049,-0.00618554,0.067697,-0.00622359,0.0652716,-0.00660745,0.0635681,-0.00695079,0.0602397,-0.00741593,0.0587334,-0.00748468,0.0575995,-0.00746178,0.057064,-0.0074004,0.05355,-0.00681778,0.051539,-0.0061062,0.0491993,-0.00478128,0.0472526,-0.00306834,0.0464072,-0.00205176,45,B10,1
0.139539,-0.0583001,0.116935,-0.0444447,0.107862,-0.0365465,0.0994638,-0.0283254,0.0935868,-0.0226271,0.0912197,-0.0204359,0.0850309,-0.0150452,0.0821514,-0.0126557,0.079145,-0.0102754,0.0768871,-0.00863229,0.0759441,-0.0080032,0.0733596,-0.00666635,0.0720007,-0.00623755,0.0703065,-0.00596204,0.0687734,-0.00595945,0.0680151,-0.00603511,0.0676987,-0.00610583,0.0652834,-0.00652579,0.0636176,-0.00689371,0.0602701,-0.00737027,0.0587845,-0.00744203,0.0576346,-0.00741644,0.0570974,-0.00740884,0.0535941,-0.006806,0.0515851,-0.00609564,0.0492668,-0.00478574,0.0472866,-0.00306551,0.0464726,-0.00207928,50,B10,1
0.139028,-0.059923,0.116461,-0.0452184,0.107449,-0.0369804,0.0991263,-0.0284767,0.0933397,-0.0226248,0.090997,-0.0203822,0.0849397,-0.0149006,0.0821117,-0.0124909,0.0791784,-0.0101055,0.0769839,-0.00846098,0.0760657,-0.00784687,0.0735604,-0.00654238,0.0722418,-0.00614656,0.070601,-0.00590018,0.0690624,-0.00592202,0.06833,-0.00602573,0.0679897,-0.00605828,0.0655415,-0.00654919,0.0638554,-0.00695544,0.0605056,-0.00744013,0.0589673,-0.00751476,0.0578289,-0.0074998,0.0572892,-0.00748343,0.0537209,-0.00687918,0.0517108,-0.00614917,0.0493653,-0.00484653,0.0473848,-0.00312069,0.0465494,-0.00209672,55,B10,1
0.173485,-0.0850875,0.143835,-0.0635379,0.131098,-0.0526251,0.118719,-0.0416228,0.109656,-0.0338669,0.105906,-0.0307863,0.09615,-0.0232236,0.0915255,-0.0198414,0.0865775,-0.0164424,0.0827102,-0.0140242,0.0810616,-0.0130806,0.0764738,-0.0106864,0.0741347,-0.00957811,0.0715747,-0.0084289,0.069536,-0.00769622,0.0686386,-0.00748657,0.0682586,-0.00743511,0.0656174,-0.00742924,0.0638314,-0.0075588,0.0603674,-0.00775661,0.0587836,-0.00775552,0.0576458,-0.00768475,0.0570788,-0.00760857,0.0535555,-0.00680203,0.0515871,-0.00598601,0.049343,-0.00459169,0.0475057,-0.0028687,0.0467073,-0.00186886,5,B10,1
0.13947,-0.0670306,0.116089,-0.04915,0.106873,-0.0396904,0.0984332,-0.0301199,0.0926136,-0.0236218,0.0902811,-0.0211587,0.0842565,-0.015223,0.0814615,-0.012662,0.0785825,-0.010151,0.0764217,-0.00844303,0.0755342,-0.00781187,0.073091,-0.00644763,0.0718077,-0.00601394,0.0702177,-0.00577308,0.0687346,-0.00579515,0.0679877,-0.00587191,0.0676786,-0.00594784,0.0652842,-0.00642005,0.0636474,-0.00681446,0.0603538,-0.00732253,0.0588559,-0.00738546,0.0577037,-0.00738569,0.0572023,-0.00736672,0.0536761,-0.00678738,0.0516757,-0.0060909,0.0493318,-0.00480524,0.0473569,-0.00309438,0.0465197,-0.00208125,60,B10,1
0.138975,-0.0673687,0.115461,-0.0487605,0.106334,-0.039217,0.0979997,-0.0297115,0.0922735,-0.0232811,0.0899844,-0.0208515,0.0840503,-0.0150082,0.0812975,-0.0124877,0.078459,-0.0100194,0.0763205,-0.0083347,0.0754324,-0.00770728,0.0730301,-0.00635749,0.0717486,-0.0059242,0.0702046,-0.00570681,0.0687506,-0.00573652,0.0680171,-0.00583964,0.067706,-0.00586985,0.0653332,-0.00641642,0.063684,-0.00678264,0.0603882,-0.00731545,0.0588906,-0.00740404,0.0577521,-0.00740509,0.0572298,-0.00735311,0.0537254,-0.00684609,0.0517134,-0.00610612,0.0493574,-0.00481862,0.047358,-0.00312651,0.0465434,-0.00212416,65,B10,1
0.135358,-0.063413,0.11231,-0.0461043,0.103513,-0.0370832,0.0955857,-0.0280496,0.0901842,-0.0219595,0.0880407,-0.0196637,0.0824624,-0.0141465,0.0798794,-0.0117731,0.0772004,-0.00944844,0.0751832,-0.00785317,0.0743537,-0.00725214,0.0720828,-0.00597632,0.0709083,-0.00559692,0.0694287,-0.00537686,0.0680637,-0.00542254,0.0674021,-0.00556168,0.0670883,-0.00561278,0.064824,-0.00617748,0.0632172,-0.0065201,0.0600705,-0.00706722,0.0586104,-0.00716462,0.0575501,-0.00719675,0.0569879,-0.00717345,0.0535578,-0.00667536,0.0515626,-0.00601786,0.0492205,-0.0047766,0.0472462,-0.00307831,0.0463993,-0.00207149,70,B10,1
0.134413,-0.0604507,0.111842,-0.0445174,0.103209,-0.035924,0.0954454,-0.0272283,0.090167,-0.0213306,0.0880653,-0.0191149,0.082623,-0.0137595,0.0801041,-0.0114577,0.0774887,-0.00920227,0.0755306,-0.00766944,0.0747096,-0.00709645,0.072497,-0.0058794,0.0713222,-0.00550031,0.0698927,-0.00534714,0.068545,-0.00546094,0.0678378,-0.0055361,0.0675357,-0.00560465,0.0652591,-0.00624863,0.0636627,-0.00659402,0.0603971,-0.00720627,0.0589195,-0.00732274,0.0577862,-0.00734423,0.0572745,-0.00733852,0.0537478,-0.00682027,0.0517418,-0.00613555,0.0493426,-0.00486677,0.0473409,-0.00316242,0.0464763,-0.00216301,75,B10,1
0.131676,-0.0576478,0.109774,-0.0425723,0.101449,-0.0343268,0.0940154,-0.0259475,0.089006,-0.0203036,0.0870163,-0.0181712,0.0818776,-0.013058,0.0795,-0.0108713,0.0770192,-0.00874152,0.0751531,-0.00727869,0.0743941,-0.00675063,0.072298,-0.00561261,0.0711973,-0.00528108,0.0698183,-0.00513176,0.0685012,-0.00529595,0.0678386,-0.00542893,0.067543,-0.00547618,0.0652938,-0.00613581,0.0636994,-0.00663853,0.0604575,-0.00719188,0.0589834,-0.00733338,0.0578223,-0.00732747,0.057325,-0.0073392,0.0537551,-0.00686067,0.051769,-0.00617631,0.049363,-0.00492034,0.0473452,-0.00319948,0.0464765,-0.00219646,80,B10,1
0.128736,-0.0547287,0.107624,-0.0406143,0.0996327,-0.0327491,0.0925573,-0.0247158,0.0878184,-0.0192866,0.0859483,-0.0172432,0.081119,-0.0123714,0.0788751,-0.0102953,0.0765414,-0.00828328,0.0747823,-0.00692005,0.0740479,-0.00640789,0.0720657,-0.00535628,0.0710008,-0.00504975,0.0696948,-0.00495795,0.0684294,-0.00513926,0.067789,-0.00526371,0.0674829,-0.00533673,0.0653073,-0.00607067,0.0637277,-0.00654719,0.0605131,-0.00714904,0.0590402,-0.00727432,0.0578823,-0.00730835,0.0573811,-0.00732747,0.0538304,-0.00685087,0.0518134,-0.00619109,0.0493954,-0.00494052,0.047351,-0.00323749,0.0464872,-0.00223125,85,B10,1
0.124799,-0.0520184,0.104783,-0.0385569,0.0972735,-0.0310154,0.0906668,-0.0232923,0.0862827,-0.0180799,0.0845628,-0.0161387,0.0801313,-0.011509,0.078076,-0.00957303,0.0759313,-0.00770514,0.0743087,-0.00644468,0.0736223,-0.00598067,0.0717574,-0.00502233,0.07077,-0.00475278,0.0695545,-0.00472455,0.068346,-0.004908,0.0677399,-0.00510365,0.067466,-0.00517654,0.0653132,-0.00590404,0.063715,-0.00643682,0.0605671,-0.00711237,0.0590771,-0.00727382,0.0579488,-0.00731667,0.05742,-0.00729865,0.0538937,-0.00687719,0.0518499,-0.00620976,0.0494233,-0.00497125,0.0473574,-0.00328571,0.0464775,-0.0022708,90,B10,1
0.121134,-0.0532085,0.102022,-0.0385198,0.0949687,-0.0306691,0.088812,-0.0227445,0.084757,-0.0174651,0.0831819,-0.0155182,0.079109,-0.0109171,0.0772151,-0.0090278,0.0752506,-0.00722938,0.0737501,-0.00603653,0.0731193,-0.00560715,0.0713957,-0.00472729,0.070468,-0.00450281,0.0693207,-0.00449853,0.0681738,-0.00470251,0.0675892,-0.0049191,0.0673272,-0.00501215,0.0652533,-0.00576607,0.0636983,-0.00628915,0.0605481,-0.00704409,0.0591133,-0.00720967,0.0579742,-0.00725602,0.0574407,-0.00725577,0.0539007,-0.0068428,0.0518497,-0.00621318,0.0494158,-0.00499503,0.0473433,-0.00331734,0.0464636,-0.00230201,95,B10,1
0.190085,-0.236209,0.156204,-0.154287,0.138409,-0.117929,0.120141,-0.0850897,0.106668,-0.0637842,0.101305,-0.0558753,0.0880134,-0.0364219,0.0825196,-0.0282622,0.0774313,-0.0204762,0.074092,-0.0153263,0.0728376,-0.013443,0.0697678,-0.00930146,0.0683375,-0.00780266,0.0667617,-0.00662376,0.0653866,-0.00601348,0.0647108,-0.00583011,0.0644727,-0.0058092,0.0624565,-0.00587405,0.061049,-0.00611305,0.0582567,-0.00647724,0.0569765,-0.0065102,0.0559812,-0.00656848,0.0555293,-0.0065467,0.0524281,-0.00622261,0.050581,-0.00570264,0.0483429,-0.00465635,0.046395,-0.00317092,0.0455594,-0.00228099,100,B10,2
0.166299,-0.0755945,0.139063,-0.0574751,0.12737,-0.0478739,0.116008,-0.0379763,0.107717,-0.0310024,0.104277,-0.0282426,0.0952708,-0.0214556,0.090945,-0.0183969,0.0863228,-0.0153218,0.0827047,-0.01312,0.0811547,-0.0122553,0.0768244,-0.0101182,0.07459,-0.00915144,0.0720887,-0.0081642,0.0700634,-0.00745461,0.0691832,-0.00726589,0.0688318,-0.00721861,0.0662509,-0.00716458,0.0645249,-0.00729532,0.0611816,-0.00753288,0.0596986,-0.00754654,0.0585327,-0.0074946,0.0580438,-0.00744012,0.0545846,-0.0067979,0.0526651,-0.00606285,0.0504432,-0.00480364,0.0485664,-0.00324321,0.0477743,-0.00236109,10,B10,2
0.161703,-0.0723803,0.135462,-0.0551309,0.124233,-0.0458874,0.113368,-0.0363179,0.105476,-0.0295687,0.102221,-0.0269241,0.0936801,-0.0203672,0.0896112,-0.0174323,0.0852572,-0.0144616,0.081875,-0.0123596,0.0804317,-0.0115415,0.0763965,-0.00956031,0.0742817,-0.00868216,0.0719119,-0.00784294,0.0699303,-0.00724809,0.0690739,-0.00709459,0.0686744,-0.00703654,0.0661374,-0.00705991,0.0644511,-0.00724469,0.0611241,-0.00746731,0.0596368,-0.00750536,0.0585276,-0.00744219,0.0580264,-0.00741949,0.0545404,-0.00677606,0.0526169,-0.00606793,0.0503794,-0.00483353,0.0484992,-0.00327341,0.0477065,-0.00239957,15,B10,2
0.156895,-0.0681274,0.131623,-0.0521783,0.12089,-0.0434339,0.11057,-0.0343291,0.103118,-0.0279089,0.10005,-0.0253868,0.0920225,-0.0191535,0.088198,-0.0163478,0.0841484,-0.0135316,0.0810219,-0.0115387,0.0796761,-0.0107637,0.0759753,-0.00896131,0.0740137,-0.00820376,0.0717367,-0.00746958,0.0698292,-0.00701874,0.0689743,-0.00690025,0.0686307,-0.00688445,0.0661,-0.00691647,0.0643504,-0.0071664,0.061092,-0.00744096,0.0596146,-0.00746479,0.0585132,-0.00742791,0.0579611,-0.00738715,0.0545342,-0.00676298,0.052587,-0.00608387,0.050317,-0.00487706,0.0484333,-0.00332383,0.04761,-0.0024251,20,B10,2
0.153273,-0.0651795,0.12877,-0.0501182,0.118415,-0.0417035,0.108519,-0.0329062,0.10141,-0.0267091,0.0984884,-0.0242778,0.090843,-0.0182648,0.0872108,-0.0155694,0.0833736,-0.0128544,0.080409,-0.0109394,0.0791659,-0.0102134,0.0756924,-0.00852751,0.0738262,-0.00783401,0.071663,-0.00720944,0.0698048,-0.00684364,0.0689619,-0.00677282,0.0686086,-0.0067207,0.0660921,-0.0068797,0.0643886,-0.00713339,0.0611044,-0.0074043,0.059623,-0.00745277,0.0585069,-0.00740433,0.0580088,-0.00738268,0.0545736,-0.00679617,0.0525988,-0.00613842,0.0503313,-0.0049288,0.0483917,-0.00338651,0.0475769,-0.00247137,25,B10,2
0.149599,-0.0627673,0.125626,-0.0482485,0.115635,-0.0400564,0.106153,-0.0314912,0.0993922,-0.0254632,0.0966259,-0.0231176,0.0893964,-0.0173159,0.0859884,-0.0147324,0.0823762,-0.0121276,0.0796221,-0.0102927,0.0784542,-0.00960312,0.0752212,-0.00801836,0.0734857,-0.00741234,0.0714371,-0.0068737,0.0696664,-0.00663926,0.0688199,-0.00653726,0.068491,-0.00655961,0.0660002,-0.00675391,0.0643238,-0.00697122,0.0610855,-0.00732874,0.0596301,-0.00738616,0.05851,-0.00735953,0.0579894,-0.00733855,0.0545525,-0.00677592,0.0526086,-0.00610245,0.0503217,-0.00493157,0.0483715,-0.00339086,0.0475544,-0.00249774,30,B10,2
0.146675,-0.0609501,0.123194,-0.0468887,0.113482,-0.0388671,0.104344,-0.0304473,0.0978608,-0.0245533,0.0952289,-0.0222724,0.0883214,-0.0166195,0.0850675,-0.0141095,0.0816315,-0.011578,0.0790092,-0.00980395,0.0779103,-0.00913849,0.0748606,-0.00764262,0.0732348,-0.00708655,0.0712777,-0.00663607,0.0695614,-0.0064462,0.0687373,-0.00638796,0.0683848,-0.00639619,0.0659487,-0.00663756,0.0643154,-0.00685965,0.0610808,-0.00724772,0.0595965,-0.00733604,0.0585059,-0.00731771,0.0579876,-0.00728547,0.0545936,-0.00673988,0.0526319,-0.00610105,0.0503446,-0.00490982,0.0483999,-0.00339176,0.0475914,-0.0024835,35,B10,2
0.143721,-0.0592151,0.120638,-0.0455439,0.111202,-0.0376632,0.102399,-0.0293873,0.0962144,-0.0236112,0.0937034,-0.0213921,0.0871322,-0.015893,0.084036,-0.0134487,0.0807924,-0.011004,0.0783225,-0.00930756,0.0772791,-0.00865615,0.0744017,-0.00722804,0.0728874,-0.00674047,0.0710403,-0.00634764,0.0693782,-0.00620636,0.0686117,-0.00621938,0.0682701,-0.00624079,0.0658588,-0.00650095,0.0642352,-0.0067504,0.0610356,-0.00715929,0.059609,-0.00724804,0.0584689,-0.00725202,0.0579995,-0.00723398,0.0545919,-0.00669142,0.0526643,-0.00607445,0.0503664,-0.00489006,0.0484281,-0.003378,0.0476053,-0.00249318,40,B10,2
0.141316,-0.0576641,0.118631,-0.0444571,0.10941,-0.0367182,0.100869,-0.0285577,0.0949094,-0.0228759,0.0924988,-0.0206899,0.0861985,-0.0153171,0.083243,-0.0129479,0.0801317,-0.0105627,0.0777854,-0.00891839,0.0767999,-0.00828282,0.0740868,-0.00693102,0.0726234,-0.00646931,0.0708457,-0.00613241,0.0692385,-0.00601634,0.0684756,-0.00605592,0.0681776,-0.00609017,0.0658102,-0.00637128,0.0641961,-0.00668397,0.0610273,-0.00711095,0.0595906,-0.00720531,0.0585048,-0.00718666,0.0579987,-0.00717111,0.0546002,-0.00663119,0.052688,-0.00603648,0.0504,-0.00489132,0.0484538,-0.00336093,0.0476296,-0.00249317,45,B10,2
0.1389,-0.0572347,0.116555,-0.0438815,0.10756,-0.0360931,0.0992794,-0.0279147,0.0935399,-0.0222413,0.0912447,-0.0200805,0.0852108,-0.0147717,0.0823885,-0.0124485,0.0794336,-0.01013,0.0771934,-0.00851768,0.0762569,-0.00790774,0.0736849,-0.00661224,0.0723246,-0.00618038,0.0706446,-0.00588812,0.0690937,-0.00583669,0.0683744,-0.00588453,0.0680351,-0.00589979,0.0657076,-0.00628874,0.0641258,-0.00660104,0.0609965,-0.00703156,0.0595825,-0.00712357,0.0584643,-0.00712895,0.0579933,-0.00710573,0.0546173,-0.00661695,0.052706,-0.00601474,0.0504273,-0.00488319,0.0484891,-0.0033656,0.0476801,-0.00247907,50,B10,2
0.137222,-0.0583382,0.115032,-0.0442782,0.106178,-0.0362121,0.0980712,-0.0278032,0.0924946,-0.0220146,0.0902715,-0.0198224,0.084451,-0.014474,0.0817402,-0.012153,0.0788816,-0.00984176,0.076736,-0.00825485,0.0758414,-0.00766024,0.0733789,-0.00637957,0.0720659,-0.00596776,0.0704465,-0.00571818,0.068976,-0.00570723,0.0682379,-0.0057676,0.0679367,-0.00580413,0.0656354,-0.00620144,0.0640528,-0.00653696,0.0609559,-0.0069692,0.0595467,-0.00707727,0.0584761,-0.00706328,0.0579711,-0.00706132,0.0546102,-0.00660284,0.0527192,-0.00599586,0.0504408,-0.00486725,0.0485072,-0.00335835,0.047688,-0.00246072,55,B10,2
0.173107,-0.0839442,0.144105,-0.0626777,0.131616,-0.0519174,0.119472,-0.0410565,0.110569,-0.0334524,0.106867,-0.0304468,0.097205,-0.023114,0.0925601,-0.0198349,0.0875606,-0.0165401,0.0836206,-0.0141862,0.0819324,-0.0132433,0.0772169,-0.0108592,0.0748047,-0.00970163,0.0721902,-0.00848369,0.0701355,-0.00768126,0.0692381,-0.00742217,0.0688801,-0.00739335,0.0662985,-0.00724676,0.0645751,-0.00734747,0.0612387,-0.00758005,0.0597255,-0.0075704,0.0585724,-0.0074707,0.0580875,-0.0074412,0.0546321,-0.0067471,0.0527257,-0.0060102,0.0505284,-0.00474924,0.0486677,-0.00320477,0.0478834,-0.00232099,5,B10,2
0.137953,-0.0656928,0.114882,-0.0483643,0.105808,-0.0390386,0.0975516,-0.0295214,0.0919097,-0.023075,0.0896813,-0.0206464,0.0838604,-0.0148271,0.0811681,-0.0123462,0.0783522,-0.00990572,0.0762584,-0.00824995,0.0753774,-0.00763708,0.0729748,-0.00629077,0.071694,-0.00585768,0.0701415,-0.00558872,0.0687031,-0.00558019,0.0679948,-0.00566448,0.0676835,-0.00566631,0.0654383,-0.00608129,0.0638951,-0.00640596,0.060841,-0.00686587,0.0594426,-0.00695028,0.0583742,-0.00699064,0.0578737,-0.00698031,0.0545987,-0.00654885,0.0526764,-0.00594875,0.0504204,-0.00483412,0.0484798,-0.00334577,0.0476508,-0.0024694,60,B10,2
0.137605,-0.0665456,0.114181,-0.0482195,0.105061,-0.0387088,0.0968517,-0.0292018,0.0912669,-0.0227905,0.0890487,-0.0203702,0.0833222,-0.0146248,0.0806497,-0.0121659,0.0778821,-0.00976184,0.0758006,-0.00811487,0.0749452,-0.00750576,0.0725827,-0.00617917,0.0713538,-0.00575188,0.0698254,-0.00549082,0.0684265,-0.00548234,0.0677299,-0.00553062,0.0674174,-0.00554446,0.0652134,-0.00596489,0.0636858,-0.00630839,0.0606776,-0.00676392,0.0593236,-0.00687281,0.0582942,-0.00689775,0.0577976,-0.0068917,0.0545274,-0.00646289,0.0526491,-0.00589322,0.0503778,-0.00480936,0.048449,-0.00333057,0.0476248,-0.00244346,65,B10,2
0.134687,-0.0618733,0.111873,-0.0454698,0.103092,-0.0366265,0.0952399,-0.0276638,0.089931,-0.0216129,0.0878264,-0.0193306,0.0823819,-0.0138822,0.0798513,-0.011561,0.0772219,-0.00928526,0.0752322,-0.00772647,0.0744178,-0.00714012,0.0721646,-0.00587367,0.0710059,-0.00550202,0.0695511,-0.00525713,0.0681942,-0.00526308,0.0675361,-0.0053558,0.0672538,-0.00540381,0.0650935,-0.00583568,0.063583,-0.00619117,0.0606477,-0.00669294,0.0592896,-0.00681467,0.0582425,-0.00682884,0.0577617,-0.00681606,0.0544878,-0.00645721,0.0526108,-0.0058926,0.0503463,-0.00480495,0.0484129,-0.00333021,0.0475747,-0.00244967,70,B10,2
0.131997,-0.0588455,0.109737,-0.0435303,0.101239,-0.0351017,0.0936862,-0.0264872,0.0886097,-0.0206591,0.0866071,-0.0184723,0.0814241,-0.0132534,0.0790252,-0.0110306,0.0765082,-0.0088552,0.0746219,-0.00735992,0.0738462,-0.00680867,0.0717153,-0.00561116,0.0705938,-0.00523931,0.0692211,-0.00503684,0.0679403,-0.00511467,0.0672917,-0.00517233,0.0669937,-0.00520858,0.0649226,-0.00574731,0.0634977,-0.00602345,0.0605513,-0.00659715,0.0592232,-0.00671937,0.0581957,-0.00673368,0.05773,-0.0067364,0.0544782,-0.00639475,0.0526001,-0.00586107,0.0503271,-0.00480432,0.0483714,-0.00333752,0.0475423,-0.00245512,75,B10,2
0.129304,-0.0562373,0.107673,-0.0416781,0.0994481,-0.0335562,0.0922031,-0.0252606,0.0873746,-0.0196573,0.0854703,-0.0175496,0.0805811,-0.0125641,0.0783118,-0.0104573,0.0759435,-0.00840244,0.0741562,-0.00698612,0.0734099,-0.00645905,0.0713986,-0.00534793,0.0703474,-0.00500203,0.0690361,-0.00482408,0.0677963,-0.00489097,0.0671868,-0.00500128,0.0669246,-0.00506727,0.0648824,-0.00561193,0.0634345,-0.00594522,0.0605456,-0.0065401,0.0592228,-0.00667537,0.0582118,-0.00670729,0.0577605,-0.00673278,0.0545307,-0.00638203,0.0526128,-0.00587407,0.0503389,-0.00484123,0.048378,-0.0033676,0.0475305,-0.00248237,80,B10,2
0.125224,-0.0528625,0.104691,-0.0394975,0.0969532,-0.0318418,0.0901643,-0.0239296,0.0856751,-0.0185824,0.0839196,-0.0165797,0.0793749,-0.0118383,0.0772562,-0.00983815,0.0750428,-0.007908,0.0733718,-0.00658677,0.0726719,-0.00608902,0.0707748,-0.00502995,0.0697841,-0.00471328,0.0685745,-0.00458017,0.0674002,-0.00467956,0.0668305,-0.00477921,0.0665857,-0.00485701,0.0645925,-0.00539718,0.0631819,-0.00583406,0.0603994,-0.00639141,0.0590811,-0.00652761,0.0580755,-0.00660676,0.0576194,-0.00661894,0.0544526,-0.00630044,0.0525819,-0.00583477,0.0502941,-0.00479225,0.0483429,-0.00334855,0.0474961,-0.00247081,85,B10,2
0.121589,-0.0502706,0.101952,-0.0374665,0.0945472,-0.0301035,0.088122,-0.0225063,0.0839168,-0.0173741,0.0822985,-0.0154687,0.0781173,-0.0109826,0.076163,-0.00910954,0.0741356,-0.00732359,0.0725838,-0.00608849,0.0719524,-0.00565142,0.0701991,-0.00468969,0.0692657,-0.00439318,0.0681403,-0.00428949,0.0670502,-0.00441945,0.0665026,-0.00455666,0.0662462,-0.00460645,0.0643774,-0.00521263,0.0630532,-0.00562737,0.0603029,-0.00625283,0.0590167,-0.00642197,0.0580258,-0.00649527,0.0575883,-0.00650996,0.0544232,-0.00624008,0.0525495,-0.00578004,0.0502784,-0.00478651,0.048297,-0.00334541,0.047465,-0.00248532,90,B10,2
0.118469,-0.0515934,0.099611,-0.0375085,0.0926272,-0.0298283,0.0866125,-0.0220343,0.0826957,-0.016839,0.0811861,-0.0149259,0.0773138,-0.0104595,0.0755297,-0.00862583,0.0736546,-0.00689462,0.072223,-0.00574198,0.0716297,-0.00531243,0.0699979,-0.00442893,0.0691365,-0.00417678,0.0680609,-0.00410964,0.0670315,-0.00424805,0.0665021,-0.0044222,0.0662796,-0.00448186,0.0644569,-0.00513355,0.0631202,-0.00560704,0.060372,-0.00622565,0.0591151,-0.00641804,0.0581039,-0.00649108,0.0576466,-0.0064895,0.0544868,-0.00628392,0.0525868,-0.00582688,0.0503144,-0.004824,0.0483334,-0.00340104,0.0474545,-0.00252068,95,B10,2
0.362642,-0.88297,0.226565,-0.531575,0.176795,-0.392953,0.135749,-0.261185,0.11197,-0.181612,0.103983,-0.150931,0.0872273,-0.0841706,0.0810009,-0.0604487,0.0753117,-0.0402906,0.0714524,-0.0281949,0.0699358,-0.0239604,0.0661862,-0.0148322,0.0645342,-0.0115056,0.0628426,-0.00869066,0.0615852,-0.00722518,0.060976,-0.00676023,0.0607471,-0.00667452,0.0588101,-0.00636896,0.0573557,-0.00649049,0.0545144,-0.00668452,0.0532452,-0.00674375,0.0522196,-0.0067204,0.0517514,-0.00673129,0.0485484,-0.00628911,0.0466539,-0.00568448,0.0443666,-0.00444785,0.0424264,-0.00272145,0.0416157,-0.00167557,100,B11,1
0.15923,-0.0764424,0.132128,-0.057476,0.12052,-0.0476082,0.109315,-0.0375539,0.101181,-0.0304971,0.0978219,-0.0277146,0.0890677,-0.0208319,0.0849118,-0.0177351,0.0805136,-0.0146031,0.077129,-0.012366,0.0756924,-0.0114816,0.0717472,-0.00932944,0.0697326,-0.00836036,0.0674817,-0.00737267,0.0656885,-0.00672476,0.0649055,-0.00653733,0.0645703,-0.00644548,0.0623138,-0.00634738,0.0608031,-0.00647882,0.0578648,-0.00672805,0.0565376,-0.00677144,0.0555126,-0.00672209,0.055059,-0.00669803,0.0518715,-0.00616841,0.0500191,-0.00553147,0.0478667,-0.00428069,0.046058,-0.00265417,0.0452767,-0.00169241,10,B11,1
0.155347,-0.0711896,0.129354,-0.0544251,0.118174,-0.0453337,0.107396,-0.0358714,0.0995738,-0.0291597,0.0963607,-0.0265316,0.0879508,-0.0199478,0.0839669,-0.0169786,0.0797658,-0.0139536,0.0765377,-0.0117991,0.0751713,-0.010948,0.071437,-0.00889717,0.0695215,-0.00800666,0.0673549,-0.0071241,0.0655948,-0.00655478,0.064827,-0.0064081,0.0644946,-0.00634186,0.0622524,-0.00631326,0.0607316,-0.00648318,0.0578295,-0.00668282,0.0564994,-0.00673818,0.0554954,-0.00672245,0.0550065,-0.00667677,0.0518619,-0.00617219,0.0500115,-0.00552919,0.0478366,-0.0043133,0.0459904,-0.00268408,0.045201,-0.00169455,15,B11,1
0.151292,-0.0686725,0.125929,-0.052202,0.115203,-0.0433016,0.104943,-0.0341218,0.0975513,-0.0276669,0.0945104,-0.0251295,0.0865931,-0.0188556,0.0828401,-0.0160071,0.078907,-0.0131271,0.0758942,-0.0110738,0.0746359,-0.0102834,0.071166,-0.00838777,0.0693692,-0.00759771,0.0672971,-0.00684047,0.0655988,-0.00635966,0.0648365,-0.00621926,0.0645389,-0.0062214,0.062288,-0.00624498,0.0607571,-0.00639816,0.0578525,-0.00668312,0.0565331,-0.00673721,0.0555096,-0.00673645,0.0550324,-0.00670551,0.0518799,-0.00623814,0.0499961,-0.0055948,0.0477997,-0.00437725,0.0459202,-0.00275089,0.045133,-0.0017506,20,B11,1
0.147987,-0.0648013,0.123552,-0.0498933,0.1132,-0.0415395,0.103303,-0.0327874,0.0961838,-0.0265964,0.0932661,-0.0241607,0.0856335,-0.0180999,0.0820479,-0.0153637,0.0782662,-0.0125809,0.0753931,-0.0106025,0.0741997,-0.00984489,0.0708923,-0.00803983,0.0691904,-0.00731504,0.0672146,-0.00662918,0.0655637,-0.00622993,0.0648001,-0.00610003,0.0644819,-0.00606592,0.0622799,-0.00612953,0.0607899,-0.0063199,0.0578635,-0.00665873,0.0565247,-0.00670175,0.0555296,-0.00670057,0.0550468,-0.00668508,0.0518582,-0.00621668,0.0500021,-0.00561103,0.0477966,-0.00439426,0.045914,-0.0027535,0.0451212,-0.001783,25,B11,1
0.144644,-0.0625134,0.120733,-0.0481129,0.110715,-0.0399794,0.101221,-0.03144,0.0944462,-0.0254264,0.0916682,-0.0230765,0.0844225,-0.0172305,0.0810265,-0.0145963,0.0774609,-0.0119187,0.0747679,-0.0100209,0.0736359,-0.00928951,0.0705519,-0.00760219,0.0689411,-0.00691983,0.0670691,-0.00633596,0.0654674,-0.00600046,0.0647402,-0.0059312,0.0644369,-0.00592578,0.0622403,-0.00606883,0.0607916,-0.00623278,0.0578701,-0.00659288,0.0565392,-0.00665477,0.0555407,-0.00670652,0.0550924,-0.00668079,0.0519149,-0.00623396,0.0500271,-0.00560889,0.0477998,-0.0044296,0.0459126,-0.00277961,0.0451041,-0.00182117,30,B11,1
0.14202,-0.0607523,0.118588,-0.0467804,0.10885,-0.0388187,0.0996671,-0.0304565,0.0931447,-0.0245745,0.0904817,-0.0222896,0.0835376,-0.0165829,0.0802826,-0.0140324,0.0768694,-0.0114297,0.0742993,-0.00959374,0.0732269,-0.00889025,0.07031,-0.00728211,0.0687856,-0.00666196,0.0669733,-0.0061095,0.0654144,-0.00583979,0.0647132,-0.00579292,0.0643993,-0.00578147,0.0622497,-0.00598512,0.0607926,-0.00619007,0.0579065,-0.00655573,0.0565776,-0.00663077,0.0555777,-0.00665738,0.0551268,-0.00664595,0.0519435,-0.00619234,0.0500636,-0.00559146,0.0478446,-0.00441979,0.0459554,-0.00279275,0.0451315,-0.00182588,35,B11,1
0.139387,-0.0590387,0.116372,-0.0454661,0.106901,-0.0376432,0.0980343,-0.0294425,0.0917748,-0.0236871,0.0892262,-0.0214595,0.0825835,-0.0159269,0.0794737,-0.0134392,0.0762279,-0.0109278,0.0737959,-0.00915058,0.0727792,-0.00846943,0.0700187,-0.00693623,0.0685706,-0.00636589,0.0668692,-0.00591006,0.0653701,-0.00570042,0.0646653,-0.00564568,0.0643723,-0.00567177,0.0622544,-0.0058613,0.060801,-0.00612196,0.0579315,-0.00651278,0.0566172,-0.00660545,0.0556146,-0.00661946,0.0551303,-0.00657468,0.0519815,-0.00617334,0.050116,-0.0055943,0.0478908,-0.0044102,0.045991,-0.0027741,0.0451751,-0.00182327,40,B11,1
0.137513,-0.0575943,0.114829,-0.0444391,0.105546,-0.0367633,0.0969027,-0.0286827,0.0908362,-0.0230359,0.0883671,-0.0208468,0.0819528,-0.0154275,0.0789566,-0.0130029,0.0758278,-0.0105515,0.073491,-0.00882032,0.0725103,-0.00815791,0.0698671,-0.00667388,0.0684897,-0.00613103,0.066852,-0.00573256,0.0653942,-0.00558267,0.0647194,-0.00556396,0.0644114,-0.00554762,0.0622859,-0.00580695,0.0608606,-0.00608562,0.0579803,-0.00651256,0.0566769,-0.00662314,0.0556898,-0.00660697,0.0552339,-0.006605,0.0520453,-0.00618828,0.0501881,-0.00560764,0.0479408,-0.00443805,0.046044,-0.00279733,0.0452516,-0.00182125,45,B11,1
0.137175,-0.0579503,0.114459,-0.044375,0.105228,-0.036552,0.0966944,-0.0284115,0.0907235,-0.0227403,0.0882947,-0.0205468,0.0820138,-0.0151513,0.0790848,-0.0127314,0.0760417,-0.0103093,0.073765,-0.00860264,0.0728258,-0.00796297,0.0702709,-0.00653953,0.0689379,-0.00602951,0.0673415,-0.00566796,0.0658935,-0.00555251,0.0651825,-0.00554357,0.0649171,-0.00555424,0.062785,-0.00583446,0.0612629,-0.00618732,0.0583337,-0.0066406,0.05701,-0.00672645,0.0559997,-0.00676395,0.0555242,-0.00674443,0.052254,-0.006313,0.0503741,-0.00571495,0.0481211,-0.00452513,0.0461716,-0.00288343,0.0453733,-0.00189261,50,B11,1
0.13566,-0.0588643,0.113298,-0.0447347,0.104313,-0.0367169,0.0959981,-0.0283722,0.0902004,-0.0226017,0.0878598,-0.0203987,0.0817393,-0.0149288,0.0788931,-0.0125182,0.0759407,-0.0101001,0.0737491,-0.00841845,0.0728333,-0.00777493,0.0703536,-0.00636631,0.0690549,-0.00589235,0.0674913,-0.00554552,0.066076,-0.00545869,0.065417,-0.00552567,0.0651169,-0.00554536,0.0629479,-0.00588772,0.0614845,-0.00627829,0.0585311,-0.00668499,0.0571602,-0.00678697,0.056119,-0.00680212,0.0556394,-0.0067893,0.0523822,-0.00638842,0.0504646,-0.005774,0.0481864,-0.00455952,0.046259,-0.00291808,0.0454251,-0.00193639,55,B11,1
0.164877,-0.0772057,0.136667,-0.0590679,0.124432,-0.0493511,0.112522,-0.0392796,0.103814,-0.0320898,0.100221,-0.0292202,0.0908465,-0.0221122,0.0863945,-0.0188763,0.0816633,-0.0156008,0.0780047,-0.0132339,0.0764428,-0.0122865,0.0721592,-0.00992313,0.0700272,-0.00885231,0.0676587,-0.00770261,0.065808,-0.00692279,0.0650168,-0.00670833,0.0646772,-0.00660316,0.0623973,-0.00643215,0.060872,-0.006587,0.0579176,-0.00677404,0.0565661,-0.0068089,0.0555723,-0.0067664,0.0550783,-0.00671703,0.0518993,-0.00614859,0.0500947,-0.00549492,0.0479451,-0.00424529,0.0461456,-0.00259712,0.0453793,-0.00164005,5,B11,1
0.13618,-0.0652571,0.11313,-0.0482353,0.10398,-0.0391109,0.0955545,-0.0297986,0.0897181,-0.0234469,0.0873736,-0.0210295,0.0813136,-0.0151721,0.0784998,-0.0126304,0.0756074,-0.0101077,0.0734352,-0.00836199,0.0725528,-0.0077163,0.0701334,-0.00627552,0.0688785,-0.0057972,0.0673661,-0.00548437,0.0659817,-0.00540347,0.065328,-0.00545877,0.0650091,-0.00546413,0.0628918,-0.00584076,0.0614189,-0.00616288,0.0584767,-0.0066425,0.0571378,-0.00674094,0.0561076,-0.00676499,0.0556139,-0.00674152,0.0523447,-0.00633675,0.0504771,-0.00575368,0.0481848,-0.00456546,0.0462585,-0.0029215,0.0454292,-0.00195006,60,B11,1
0.136213,-0.0673327,0.112782,-0.0488509,0.103586,-0.0393371,0.0951735,-0.0298365,0.0893778,-0.023411,0.0870628,-0.0209844,0.0810472,-0.0150937,0.0782722,-0.012548,0.075397,-0.0100348,0.0732652,-0.00829667,0.07239,-0.00766212,0.0699898,-0.00621333,0.0687648,-0.00573691,0.0672614,-0.00542486,0.065902,-0.00534813,0.0652285,-0.0053817,0.0649454,-0.00542874,0.0628298,-0.00582345,0.0613668,-0.00613942,0.058462,-0.00659137,0.0571297,-0.00669659,0.0560882,-0.00673296,0.0556213,-0.00675264,0.052372,-0.00635498,0.0504482,-0.00575557,0.0481758,-0.00456235,0.0462435,-0.00294463,0.0453956,-0.00195162,65,B11,1
0.133355,-0.0628607,0.110487,-0.0461307,0.101607,-0.0372454,0.0935596,-0.0282785,0.0880516,-0.022198,0.085852,-0.0198985,0.0801474,-0.0143344,0.0775088,-0.0119223,0.0747785,-0.00954152,0.0727515,-0.00790727,0.0719055,-0.00728563,0.0696438,-0.00594777,0.0684605,-0.0054904,0.0670246,-0.00520518,0.0656992,-0.0051747,0.0650892,-0.00523261,0.0647949,-0.00527658,0.0627451,-0.0057212,0.0612796,-0.00600466,0.0583828,-0.00653547,0.0570622,-0.0066632,0.0560541,-0.0067114,0.0555603,-0.0067251,0.052317,-0.00632523,0.0504135,-0.00575252,0.048135,-0.0045614,0.0461562,-0.00293524,0.0453495,-0.00194263,70,B11,1
0.130503,-0.0598658,0.108257,-0.0442125,0.0997035,-0.0357223,0.0919978,-0.0270943,0.0867458,-0.0212355,0.0846652,-0.0190183,0.0792469,-0.0136832,0.0767343,-0.0113786,0.0741428,-0.00911406,0.072201,-0.00754717,0.0713897,-0.00694779,0.0692426,-0.00568493,0.0681187,-0.00526783,0.0667499,-0.00500852,0.065468,-0.00500109,0.0648578,-0.00508469,0.0645889,-0.00513448,0.062581,-0.00556939,0.0611251,-0.00599867,0.0583194,-0.00646061,0.0569633,-0.00658647,0.0559789,-0.00664806,0.0555148,-0.00666258,0.0522619,-0.0063126,0.050376,-0.0057462,0.0480814,-0.00456771,0.0461211,-0.0029349,0.0452866,-0.00195809,75,B11,1
0.126995,-0.0567799,0.105489,-0.0420551,0.0972699,-0.033923,0.0899518,-0.0256568,0.0850129,-0.0200528,0.0830603,-0.0179528,0.0779887,-0.0128762,0.0756365,-0.0107068,0.0731993,-0.00856471,0.0713813,-0.0071022,0.0706385,-0.00656005,0.0685996,-0.00535695,0.0675337,-0.00496148,0.0662564,-0.00476583,0.0650632,-0.00478449,0.0644633,-0.00487876,0.0642078,-0.00491653,0.0622797,-0.00543283,0.0608851,-0.0057735,0.0580995,-0.00632975,0.0568204,-0.006464,0.0558044,-0.00651846,0.0553436,-0.00651958,0.0521837,-0.00622968,0.0502739,-0.00566539,0.0479925,-0.00453739,0.0460511,-0.00291077,0.0451943,-0.00195444,80,B11,1
0.124113,-0.0539627,0.103319,-0.0401348,0.0954031,-0.032372,0.0884114,-0.0244236,0.0837439,-0.0190417,0.0818871,-0.0170203,0.0771173,-0.012184,0.0749078,-0.0101249,0.0726172,-0.00811242,0.0708977,-0.00671831,0.070189,-0.0062133,0.0682601,-0.00510673,0.0672526,-0.00474374,0.066035,-0.00456185,0.0648913,-0.00462886,0.0643077,-0.0047267,0.0640582,-0.00477632,0.0621479,-0.00527868,0.0608191,-0.00570216,0.0580531,-0.00628066,0.056769,-0.00640029,0.0557885,-0.00646867,0.0553186,-0.00652977,0.0521197,-0.00617303,0.050251,-0.00566887,0.0479596,-0.00455115,0.0459965,-0.00291994,0.045149,-0.00196645,85,B11,1
0.120845,-0.0515273,0.100958,-0.0382779,0.0934455,-0.030806,0.0868632,-0.0231284,0.0824952,-0.0179468,0.0807879,-0.0160026,0.0763883,-0.0114057,0.0743429,-0.0094609,0.0722233,-0.00758408,0.0706191,-0.00631003,0.0699603,-0.00583188,0.0681477,-0.00482136,0.0671997,-0.00450604,0.0660325,-0.00438164,0.0649291,-0.00448788,0.0643859,-0.00460878,0.0641534,-0.00465204,0.0622555,-0.00526514,0.0609202,-0.00566109,0.0581344,-0.00627242,0.0568511,-0.00643913,0.0558496,-0.00651228,0.0553882,-0.00653044,0.0522186,-0.00624624,0.0502936,-0.00572401,0.0479776,-0.00460811,0.045969,-0.00299224,0.0451406,-0.00201473,90,B11,1
0.117948,-0.0519927,0.0988379,-0.0379556,0.091722,-0.0302917,0.0855334,-0.0225202,0.0814528,-0.0173047,0.0798679,-0.0153728,0.0757891,-0.0108332,0.0739145,-0.00895979,0.0719412,-0.00714446,0.0704603,-0.00594712,0.0698345,-0.00549814,0.0681437,-0.00457368,0.067248,-0.00432458,0.0661303,-0.0042253,0.0650773,-0.00439994,0.064539,-0.0045127,0.0642904,-0.00455772,0.0624432,-0.0051965,0.0610697,-0.00565085,0.0582748,-0.00632194,0.0569883,-0.0065012,0.0559824,-0.00657586,0.055508,-0.00659671,0.0522824,-0.00631601,0.0503292,-0.00580963,0.0480063,-0.00468999,0.0459823,-0.00304001,0.0451281,-0.00205904,95,B11,1
0.146555,-0.16067,0.121611,-0.0961709,0.111009,-0.0729262,0.100152,-0.052364,0.0921369,-0.0393045,0.0889127,-0.0345148,0.0805861,-0.0231083,0.0769207,-0.0183598,0.0733207,-0.0137954,0.0708033,-0.0107142,0.0698209,-0.00954966,0.0673286,-0.00700072,0.0661564,-0.00608857,0.0647856,-0.00534973,0.0635647,-0.00503759,0.0630153,-0.00500071,0.0627585,-0.00499684,0.0609275,-0.00520252,0.0596667,-0.00548954,0.0570925,-0.00593739,0.0558959,-0.00602387,0.0549703,-0.00608409,0.0545434,-0.00609145,0.051602,-0.00579456,0.0497986,-0.00530164,0.0475976,-0.00419682,0.0456784,-0.00258335,0.0448389,-0.00159532,100,B11,2
0.159249,-0.0751711,0.13218,-0.0565988,0.120602,-0.0468588,0.109527,-0.0369506,0.101506,-0.0299888,0.0982023,-0.027249,0.0895936,-0.0205391,0.0854966,-0.0175341,0.0811441,-0.0145108,0.0777449,-0.0123598,0.0762899,-0.0115022,0.0722697,-0.00941897,0.0701863,-0.00843255,0.067869,-0.00743777,0.0660537,-0.00671958,0.0652594,-0.00647286,0.064941,-0.00642224,0.0627164,-0.00625811,0.0612283,-0.00630355,0.0584309,-0.00648572,0.0571434,-0.00650236,0.0561935,-0.00644449,0.0557412,-0.00642316,0.0527302,-0.00589187,0.0509258,-0.00524681,0.0488651,-0.00403464,0.0470781,-0.00238564,0.0463089,-0.00142545,10,B11,2
0.155744,-0.0725398,0.129817,-0.0548845,0.118719,-0.0455232,0.108044,-0.0358663,0.10032,-0.0290824,0.0971368,-0.0264222,0.0888412,-0.0198799,0.084892,-0.0169475,0.0806919,-0.0139963,0.0774463,-0.0119026,0.0760615,-0.0110825,0.0722133,-0.00908428,0.0702093,-0.00818046,0.0679888,-0.00725005,0.0661742,-0.00663011,0.0653958,-0.00644614,0.0650662,-0.0063593,0.0628334,-0.00620766,0.0613496,-0.00633678,0.0585127,-0.00651263,0.0572417,-0.0065292,0.0562459,-0.00649817,0.0557958,-0.00648115,0.0527643,-0.00596024,0.0509616,-0.00531466,0.0488379,-0.00410424,0.0470342,-0.00245757,0.0462546,-0.001472,15,B11,2
0.151192,-0.0682576,0.126222,-0.0519575,0.115606,-0.0431005,0.105463,-0.0339195,0.0981632,-0.0274755,0.0951661,-0.0249424,0.0873471,-0.0187142,0.0836355,-0.0159253,0.0797126,-0.0131293,0.0766864,-0.0111408,0.0753962,-0.0103657,0.0718533,-0.00852913,0.0699854,-0.0077277,0.0678624,-0.00695212,0.0661073,-0.00642324,0.0653234,-0.00624317,0.0650176,-0.00622494,0.0627904,-0.0061226,0.0613364,-0.00626361,0.0584993,-0.00650621,0.0571928,-0.00652799,0.0562318,-0.00650395,0.0557746,-0.00647013,0.0527227,-0.00597856,0.0509063,-0.00536928,0.0487595,-0.00414941,0.0469324,-0.00249645,0.0461557,-0.00152623,20,B11,2
0.147844,-0.0647896,0.123642,-0.0496817,0.113406,-0.041268,0.103668,-0.032478,0.0966732,-0.0262755,0.0938244,-0.0238589,0.086354,-0.0178769,0.0828201,-0.0151992,0.0790841,-0.0124941,0.0762226,-0.0105831,0.0750132,-0.00985272,0.0716597,-0.00812693,0.0698961,-0.00740798,0.0678433,-0.00670877,0.0661483,-0.00628874,0.0653775,-0.00612659,0.0650784,-0.00608495,0.0628424,-0.00610373,0.0613727,-0.00627995,0.0585282,-0.00650062,0.0572512,-0.00656381,0.0562634,-0.00653681,0.0558082,-0.0065142,0.0526925,-0.00600002,0.0508933,-0.00541275,0.0487431,-0.00421707,0.0468874,-0.00254922,0.0460901,-0.00155911,25,B11,2
0.144281,-0.0624045,0.120703,-0.0478098,0.110819,-0.0396281,0.101488,-0.0310792,0.0948447,-0.0250747,0.0921322,-0.0227416,0.0850571,-0.0169773,0.0817182,-0.0144077,0.078197,-0.0118123,0.0755168,-0.00998519,0.0743773,-0.00927758,0.0712535,-0.00765512,0.0696249,-0.00703113,0.0676881,-0.00642546,0.0660283,-0.00605442,0.0652786,-0.00594152,0.0649835,-0.00596536,0.0627881,-0.00598967,0.0613234,-0.00615318,0.0585106,-0.00644567,0.0572305,-0.00650184,0.0562559,-0.00649432,0.0557845,-0.00649167,0.052711,-0.00600741,0.0509019,-0.00542835,0.0487086,-0.00422488,0.0468478,-0.0025801,0.0460416,-0.0015891,30,B11,2
0.141677,-0.0605161,0.118537,-0.0464428,0.108926,-0.0384524,0.0999028,-0.0300824,0.093506,-0.0242222,0.0909156,-0.0219502,0.0841254,-0.0163308,0.0809348,-0.0138344,0.0775712,-0.0113152,0.0750277,-0.00955086,0.0739526,-0.00887006,0.070985,-0.00732249,0.0694323,-0.00674311,0.0675842,-0.00620288,0.0659848,-0.0059014,0.0652625,-0.00583512,0.0649502,-0.00580703,0.0627877,-0.00592334,0.0613398,-0.00607398,0.0585293,-0.00642658,0.057245,-0.00648155,0.0562792,-0.00648142,0.0558126,-0.00645295,0.0527375,-0.00602762,0.0509233,-0.00541814,0.0487403,-0.00424615,0.046856,-0.00259894,0.0460784,-0.00162165,35,B11,2
0.139122,-0.0588827,0.116345,-0.0451871,0.106986,-0.0373374,0.0982498,-0.0291042,0.0921163,-0.0233729,0.0896269,-0.021149,0.0831368,-0.0156835,0.0800874,-0.0132581,0.0768852,-0.0108155,0.0744645,-0.00910472,0.0734457,-0.00844352,0.070669,-0.0069997,0.0691859,-0.00643555,0.0674112,-0.00594526,0.065882,-0.00571978,0.0651784,-0.00564553,0.0648664,-0.00565737,0.0627473,-0.00584052,0.0613306,-0.00605701,0.058537,-0.00634717,0.0572688,-0.00645418,0.056279,-0.00643998,0.0558373,-0.0064316,0.0527695,-0.0059961,0.0509552,-0.00541816,0.0487729,-0.0042328,0.0468937,-0.00260125,0.0460962,-0.00162346,40,B11,2
0.137055,-0.0572786,0.114663,-0.0441047,0.105506,-0.0364283,0.0970078,-0.0283435,0.0910638,-0.0227152,0.0886694,-0.0205414,0.0823932,-0.0151935,0.0794623,-0.0128277,0.0763803,-0.0104453,0.0740548,-0.00876782,0.0730847,-0.0081388,0.0704195,-0.00672561,0.0690197,-0.00620165,0.0673045,-0.0057517,0.0658512,-0.00559125,0.0651442,-0.00554726,0.0648383,-0.00553893,0.0627408,-0.00569493,0.0613266,-0.00597185,0.0585572,-0.00632225,0.0572894,-0.006413,0.056297,-0.00639449,0.0558493,-0.00641306,0.0527928,-0.00600003,0.0509828,-0.00539782,0.0487994,-0.0042492,0.0469186,-0.00258173,0.0461063,-0.00160669,45,B11,2
0.134914,-0.0563812,0.112874,-0.0432834,0.103938,-0.0356537,0.0956903,-0.0276418,0.0899484,-0.0220859,0.0876368,-0.0199501,0.0816007,-0.0147024,0.078776,-0.0123727,0.0758222,-0.0100401,0.073602,-0.0084185,0.0726789,-0.00780131,0.0701472,-0.00644078,0.0688117,-0.00595879,0.0671962,-0.00558238,0.0657425,-0.00540588,0.0650837,-0.00540733,0.0647804,-0.00543822,0.0627149,-0.00566288,0.0613301,-0.00587278,0.058566,-0.00627918,0.0572938,-0.00636435,0.0563478,-0.00637643,0.0558529,-0.00635118,0.0528093,-0.00597991,0.0510188,-0.00538418,0.0488256,-0.00423599,0.0469587,-0.00259516,0.0461592,-0.00162187,50,B11,2
0.133151,-0.056182,0.11142,-0.0429498,0.102653,-0.0352683,0.0946078,-0.0272241,0.0890299,-0.0216633,0.0867907,-0.0195395,0.0809465,-0.0143263,0.078217,-0.0120469,0.0753576,-0.00974906,0.0732245,-0.00815073,0.0723339,-0.0075527,0.069896,-0.00622324,0.0686069,-0.00575294,0.0670741,-0.0054243,0.0656651,-0.00528003,0.0650059,-0.0052792,0.0647217,-0.00530526,0.0627017,-0.00555593,0.0613116,-0.00582902,0.0585361,-0.00623472,0.0573224,-0.00630421,0.0563387,-0.00634121,0.0558919,-0.00631344,0.0528689,-0.00595008,0.0510327,-0.0053881,0.0488431,-0.00423154,0.0469818,-0.0025981,0.0461796,-0.00161712,55,B11,2
0.164068,-0.0843698,0.135846,-0.0622153,0.123649,-0.0511693,0.111908,-0.0400845,0.103397,-0.0323777,0.0998788,-0.0293497,0.0907644,-0.0220113,0.0864205,-0.0187574,0.0817712,-0.015493,0.0781473,-0.0131812,0.0765865,-0.0122589,0.0722833,-0.00993538,0.0701098,-0.0088655,0.067702,-0.0076729,0.0658527,-0.00686773,0.0650682,-0.00660715,0.0647294,-0.00646584,0.0625235,-0.00621535,0.061121,-0.00626045,0.0583409,-0.00638359,0.0570763,-0.006397,0.0561141,-0.00634256,0.0556599,-0.00633434,0.0526907,-0.00576572,0.0509864,-0.00515361,0.048937,-0.00394036,0.0471837,-0.00230972,0.0464491,-0.00134755,5,B11,2
0.132301,-0.0594237,0.110355,-0.0445252,0.101627,-0.0362202,0.0936561,-0.0276679,0.0881862,-0.0218213,0.0860003,-0.0196092,0.0802909,-0.0142269,0.0776377,-0.0118964,0.0748777,-0.00958061,0.0728059,-0.00797582,0.0719564,-0.00738388,0.0696,-0.00604979,0.0683733,-0.00559673,0.0668872,-0.00528569,0.0655245,-0.0051585,0.0648665,-0.0051667,0.0645981,-0.0051972,0.062608,-0.00546896,0.0612611,-0.00574917,0.058511,-0.00619623,0.0572782,-0.0062677,0.0563024,-0.0062703,0.0558586,-0.00628473,0.052833,-0.0059017,0.0510299,-0.005351,0.0488388,-0.00420283,0.046972,-0.00259162,0.0461566,-0.00160592,60,B11,2
0.133368,-0.0656546,0.110676,-0.0479731,0.101714,-0.0386465,0.0935575,-0.0291938,0.0879846,-0.0228182,0.0857691,-0.0204002,0.0800099,-0.014635,0.0773402,-0.0121605,0.074575,-0.00972174,0.0725037,-0.00804186,0.0716533,-0.00741692,0.0693244,-0.00602806,0.068128,-0.00557692,0.0666404,-0.00522286,0.0653106,-0.00510502,0.064672,-0.00510583,0.0644176,-0.00517135,0.062423,-0.00539835,0.061068,-0.00567363,0.0583811,-0.0061138,0.0571181,-0.00618511,0.0561979,-0.00623267,0.0557642,-0.00621377,0.0527457,-0.0058846,0.0509791,-0.00531313,0.0487996,-0.00417472,0.0469241,-0.00258081,0.0461252,-0.00158934,65,B11,2
0.131516,-0.0625029,0.108946,-0.0456438,0.100158,-0.0367397,0.0922474,-0.0277701,0.086892,-0.0217271,0.0847554,-0.0194379,0.0792374,-0.0139772,0.0766738,-0.011632,0.0740159,-0.00932103,0.0720241,-0.00773581,0.0711923,-0.00711392,0.0689573,-0.00580301,0.0677987,-0.00536547,0.0663867,-0.00506934,0.065092,-0.00496279,0.0644615,-0.00497578,0.0642104,-0.0050182,0.0622636,-0.0053306,0.0609373,-0.00563549,0.058288,-0.00606009,0.0570566,-0.00614814,0.0561159,-0.00615187,0.0557076,-0.00617755,0.0527008,-0.00584752,0.0508977,-0.00530871,0.04872,-0.00418906,0.0468531,-0.00257214,0.046034,-0.00161347,70,B11,2
0.129191,-0.0593035,0.10714,-0.0437358,0.0986235,-0.0352602,0.0910093,-0.0266489,0.0858772,-0.0208306,0.0838457,-0.0186375,0.078572,-0.0133892,0.0761292,-0.0111389,0.0735822,-0.00893499,0.0716718,-0.00741259,0.0708779,-0.00683601,0.068745,-0.00558753,0.0676305,-0.00517542,0.0662617,-0.00489159,0.0650007,-0.00483261,0.0644148,-0.00490167,0.0641526,-0.00490331,0.062242,-0.00525908,0.0609056,-0.00556077,0.0582739,-0.00601917,0.0570617,-0.00614143,0.0560962,-0.00617311,0.0556727,-0.00618552,0.0526843,-0.00585193,0.0508798,-0.00532378,0.0486779,-0.00421782,0.0467972,-0.00260841,0.0459812,-0.00163777,75,B11,2
0.126673,-0.0566963,0.105177,-0.0419699,0.0969388,-0.033815,0.0896384,-0.0254955,0.0847614,-0.0198714,0.0828275,-0.0177643,0.0778426,-0.0127316,0.0755274,-0.0105934,0.073128,-0.00849793,0.0713114,-0.00704803,0.070564,-0.00650528,0.0685366,-0.00533568,0.0674664,-0.00495122,0.0661659,-0.00469659,0.0649659,-0.00469492,0.0643827,-0.00476887,0.0641189,-0.00480284,0.062243,-0.00525367,0.0609481,-0.00550429,0.0582919,-0.00600587,0.0570955,-0.00613692,0.0561525,-0.00616663,0.0556763,-0.00617242,0.0526949,-0.00586964,0.050888,-0.00536318,0.0486562,-0.00424421,0.0467565,-0.00264023,0.0459316,-0.00164746,80,B11,2
0.124612,-0.0545859,0.103621,-0.040522,0.0956287,-0.0326306,0.0886123,-0.0245426,0.0839395,-0.019074,0.0821039,-0.0170234,0.0773823,-0.012161,0.0751915,-0.0101064,0.0729107,-0.00810782,0.0711925,-0.006733,0.0704776,-0.00622114,0.0685353,-0.00512129,0.0675129,-0.00477181,0.0662617,-0.00457698,0.0650956,-0.00460067,0.0645272,-0.0046619,0.064283,-0.00473127,0.062417,-0.00515694,0.0610971,-0.00555394,0.0584236,-0.00603867,0.0571874,-0.00618902,0.0562378,-0.00621171,0.0558228,-0.00627388,0.0527513,-0.00593986,0.0509143,-0.00544722,0.0486909,-0.00431488,0.0467515,-0.00268853,0.0459353,-0.00171243,85,B11,2
0.122043,-0.0537909,0.101762,-0.0397113,0.09412,-0.0318578,0.0874455,-0.0238275,0.0830305,-0.0184202,0.0812957,-0.0163993,0.076847,-0.0116461,0.074784,-0.009645,0.0726436,-0.00771195,0.0710129,-0.00640615,0.0703397,-0.00592512,0.068508,-0.00488746,0.0675447,-0.0045867,0.066353,-0.00442627,0.0652405,-0.00448653,0.0646575,-0.00458446,0.0644108,-0.00461038,0.0625908,-0.00517972,0.0612816,-0.00551025,0.0585956,-0.00610792,0.0573487,-0.00625223,0.0563603,-0.00629884,0.0559405,-0.00629768,0.0528583,-0.00602947,0.0509779,-0.00551349,0.0487222,-0.00438925,0.0467518,-0.00277961,0.0459148,-0.00176918,90,B11,2
0.118789,-0.052816,0.0993392,-0.0386222,0.0920837,-0.0308378,0.0857682,-0.0229159,0.081622,-0.0176048,0.0800087,-0.0156443,0.0758651,-0.0110087,0.0739553,-0.00909493,0.0719593,-0.00725823,0.070452,-0.00602474,0.0698208,-0.00556903,0.0680944,-0.00461379,0.0671905,-0.00432736,0.0660619,-0.00419377,0.0650278,-0.00433459,0.0644701,-0.00441802,0.0642279,-0.0044774,0.0624513,-0.00499913,0.0611437,-0.00542649,0.0585252,-0.00601747,0.0572941,-0.00615527,0.056317,-0.00621065,0.0559036,-0.00622164,0.0528201,-0.00600601,0.0509906,-0.00549072,0.0486921,-0.00438389,0.0467599,-0.00276075,0.0459095,-0.00177558,95,B11,2
